time,temperature_2m,relative_humidity_2m,wind_speed_10m
2025-12-01 00:00:00,17.5,64,6.7
2025-12-01 01:00:00,16.6,69,6.7
2025-12-01 02:00:00,16.0,72,6.0
2025-12-01 03:00:00,16.2,72,6.3
2025-12-01 04:00:00,18.9,63,4.4
2025-12-01 05:00:00,22.3,50,4.3
2025-12-01 06:00:00,25.1,35,7.2
2025-12-01 07:00:00,26.4,28,8.8
2025-12-01 08:00:00,27.0,24,10.3
2025-12-01 09:00:00,27.1,20,10.6
2025-12-01 10:00:00,27.1,17,10.1
2025-12-01 11:00:00,26.6,17,9.9
2025-12-01 12:00:00,25.5,17,9.5
2025-12-01 13:00:00,23.7,29,8.8
2025-12-01 14:00:00,22.5,41,6.9
2025-12-01 15:00:00,21.6,48,5.8
2025-12-01 16:00:00,21.2,50,3.3
2025-12-01 17:00:00,20.5,58,1.2
2025-12-01 18:00:00,19.5,53,5.7
2025-12-01 19:00:00,18.5,56,3.4
2025-12-01 20:00:00,18.2,56,2.8
2025-12-01 21:00:00,18.0,55,7.2
2025-12-01 22:00:00,17.4,52,7.4
2025-12-01 23:00:00,17.1,44,8.1
2025-12-02 00:00:00,16.2,49,8.0
2025-12-02 01:00:00,15.6,47,8.0
2025-12-02 02:00:00,15.1,47,8.1
2025-12-02 03:00:00,15.6,45,8.6
2025-12-02 04:00:00,17.9,40,8.1
2025-12-02 05:00:00,21.1,32,4.6
2025-12-02 06:00:00,23.5,29,3.1
2025-12-02 07:00:00,24.8,32,3.6
2025-12-02 08:00:00,25.5,32,4.1
2025-12-02 09:00:00,26.1,31,4.9
2025-12-02 10:00:00,26.1,32,6.6
2025-12-02 11:00:00,25.5,37,8.1
2025-12-02 12:00:00,24.1,43,7.6
2025-12-02 13:00:00,23.4,46,4.3
2025-12-02 14:00:00,22.9,49,3.3
2025-12-02 15:00:00,22.2,51,5.1
2025-12-02 16:00:00,21.2,53,8.0
2025-12-02 17:00:00,20.6,43,8.5
2025-12-02 18:00:00,19.9,34,7.6
2025-12-02 19:00:00,19.4,34,8.2
2025-12-02 20:00:00,18.6,37,9.1
2025-12-02 21:00:00,17.6,41,10.0
2025-12-02 22:00:00,17.0,43,10.0
2025-12-02 23:00:00,16.8,43,9.6
2025-12-03 00:00:00,16.6,41,9.7
2025-12-03 01:00:00,16.1,42,10.0
2025-12-03 02:00:00,15.9,42,9.5
2025-12-03 03:00:00,16.1,40,9.8
2025-12-03 04:00:00,18.0,36,8.7
2025-12-03 05:00:00,21.0,29,6.5
2025-12-03 06:00:00,24.1,22,6.9
2025-12-03 07:00:00,26.1,16,9.4
2025-12-03 08:00:00,27.1,13,9.6
2025-12-03 09:00:00,27.5,12,10.1
2025-12-03 10:00:00,27.5,12,10.3
2025-12-03 11:00:00,27.0,12,11.0
2025-12-03 12:00:00,26.2,13,10.8
2025-12-03 13:00:00,25.1,14,11.0
2025-12-03 14:00:00,24.0,16,11.8
2025-12-03 15:00:00,22.5,20,11.8
2025-12-03 16:00:00,21.1,23,12.0
2025-12-03 17:00:00,20.4,27,12.0
2025-12-03 18:00:00,19.7,30,12.3
2025-12-03 19:00:00,19.3,31,11.9
2025-12-03 20:00:00,19.0,32,11.6
2025-12-03 21:00:00,18.6,32,11.1
2025-12-03 22:00:00,18.2,33,10.9
2025-12-03 23:00:00,17.9,33,11.0
2025-12-04 00:00:00,17.9,33,10.6
2025-12-04 01:00:00,17.6,33,10.6
2025-12-04 02:00:00,17.5,33,10.7
2025-12-04 03:00:00,18.0,33,11.3
2025-12-04 04:00:00,20.0,29,10.3
2025-12-04 05:00:00,22.8,25,9.0
2025-12-04 06:00:00,25.2,22,9.6
2025-12-04 07:00:00,26.8,19,10.8
2025-12-04 08:00:00,27.5,19,9.0
2025-12-04 09:00:00,27.9,18,6.6
2025-12-04 10:00:00,27.9,18,5.3
2025-12-04 11:00:00,27.6,18,5.8
2025-12-04 12:00:00,27.0,19,6.1
2025-12-04 13:00:00,25.9,22,6.1
2025-12-04 14:00:00,24.9,23,5.7
2025-12-04 15:00:00,23.6,25,4.6
2025-12-04 16:00:00,22.5,27,4.9
2025-12-04 17:00:00,21.5,29,6.2
2025-12-04 18:00:00,20.5,31,7.3
2025-12-04 19:00:00,19.4,33,8.0
2025-12-04 20:00:00,18.6,35,8.0
2025-12-04 21:00:00,18.0,36,8.1
2025-12-04 22:00:00,17.2,38,8.5
2025-12-04 23:00:00,16.6,40,8.0
2025-12-05 00:00:00,16.1,43,7.1
2025-12-05 01:00:00,15.5,46,7.3
2025-12-05 02:00:00,15.1,47,8.1
2025-12-05 03:00:00,15.6,45,8.0
2025-12-05 04:00:00,18.1,38,6.9
2025-12-05 05:00:00,21.6,29,6.1
2025-12-05 06:00:00,25.0,22,4.3
2025-12-05 07:00:00,26.6,19,4.4
2025-12-05 08:00:00,27.6,17,4.2
2025-12-05 09:00:00,28.1,16,3.1
2025-12-05 10:00:00,28.2,16,2.8
2025-12-05 11:00:00,28.1,17,3.1
2025-12-05 12:00:00,26.9,26,5.0
2025-12-05 13:00:00,24.8,40,8.1
2025-12-05 14:00:00,23.7,42,7.9
2025-12-05 15:00:00,23.2,42,5.0
2025-12-05 16:00:00,22.5,38,6.4
2025-12-05 17:00:00,22.2,30,9.2
2025-12-05 18:00:00,21.2,32,9.8
2025-12-05 19:00:00,20.6,33,10.9
2025-12-05 20:00:00,20.2,35,10.4
2025-12-05 21:00:00,20.0,36,10.3
2025-12-05 22:00:00,19.9,37,9.7
2025-12-05 23:00:00,19.4,38,9.3
2025-12-06 00:00:00,19.0,39,9.3
2025-12-06 01:00:00,18.3,39,9.4
2025-12-06 02:00:00,17.9,40,9.7
2025-12-06 03:00:00,18.1,37,10.4
2025-12-06 04:00:00,20.0,32,10.7
2025-12-06 05:00:00,23.0,26,9.5
2025-12-06 06:00:00,25.4,22,8.6
2025-12-06 07:00:00,26.5,19,10.5
2025-12-06 08:00:00,27.6,18,11.9
2025-12-06 09:00:00,28.0,18,11.4
2025-12-06 10:00:00,28.0,19,10.3
2025-12-06 11:00:00,27.8,19,9.7
2025-12-06 12:00:00,27.5,19,9.2
2025-12-06 13:00:00,26.2,20,9.4
2025-12-06 14:00:00,25.3,21,10.4
2025-12-06 15:00:00,23.9,23,11.1
2025-12-06 16:00:00,22.5,26,10.5
2025-12-06 17:00:00,21.6,28,10.2
2025-12-06 18:00:00,20.8,29,10.0
2025-12-06 19:00:00,20.3,29,9.8
2025-12-06 20:00:00,19.9,29,9.7
2025-12-06 21:00:00,19.5,30,9.1
2025-12-06 22:00:00,19.0,32,9.1
2025-12-06 23:00:00,18.7,33,9.2
2025-12-07 00:00:00,18.4,33,9.2
2025-12-07 01:00:00,17.7,34,9.1
2025-12-07 02:00:00,17.0,37,9.4
2025-12-07 03:00:00,17.2,37,9.3
2025-12-07 04:00:00,19.0,33,7.8
2025-12-07 05:00:00,22.0,28,6.0
2025-12-07 06:00:00,25.0,22,5.5
2025-12-07 07:00:00,27.0,17,4.4
2025-12-07 08:00:00,28.0,17,2.9
2025-12-07 09:00:00,28.5,17,1.3
2025-12-07 10:00:00,28.6,17,2.4
2025-12-07 11:00:00,28.4,17,3.6
2025-12-07 12:00:00,27.1,26,6.7
2025-12-07 13:00:00,25.3,27,9.0
2025-12-07 14:00:00,24.1,29,8.8
2025-12-07 15:00:00,23.4,31,7.5
2025-12-07 16:00:00,22.9,31,7.0
2025-12-07 17:00:00,22.0,32,7.6
2025-12-07 18:00:00,20.8,33,7.1
2025-12-07 19:00:00,19.9,34,7.0
2025-12-07 20:00:00,19.0,36,7.9
2025-12-07 21:00:00,18.2,38,8.1
2025-12-07 22:00:00,17.6,40,8.3
2025-12-07 23:00:00,17.4,41,8.0
2025-12-08 00:00:00,17.0,42,8.7
2025-12-08 01:00:00,16.6,42,9.7
2025-12-08 02:00:00,16.4,43,9.4
2025-12-08 03:00:00,16.6,42,8.9
2025-12-08 04:00:00,18.4,37,7.9
2025-12-08 05:00:00,21.4,30,5.7
2025-12-08 06:00:00,24.9,23,5.2
2025-12-08 07:00:00,27.4,20,4.8
2025-12-08 08:00:00,28.9,17,3.8
2025-12-08 09:00:00,29.5,15,3.2
2025-12-08 10:00:00,29.8,14,4.4
2025-12-08 11:00:00,29.5,13,3.1
2025-12-08 12:00:00,28.4,16,2.0
2025-12-08 13:00:00,26.9,22,2.1
2025-12-08 14:00:00,26.5,19,6.6
2025-12-08 15:00:00,25.6,20,9.9
2025-12-08 16:00:00,23.7,27,10.1
2025-12-08 17:00:00,22.5,30,10.1
2025-12-08 18:00:00,21.5,33,9.8
2025-12-08 19:00:00,20.8,34,10.4
2025-12-08 20:00:00,20.4,35,10.3
2025-12-08 21:00:00,20.0,35,9.6
2025-12-08 22:00:00,19.6,36,9.1
2025-12-08 23:00:00,18.6,38,8.8
2025-12-09 00:00:00,17.8,38,9.2
2025-12-09 01:00:00,17.5,38,9.0
2025-12-09 02:00:00,17.1,39,8.1
2025-12-09 03:00:00,17.1,39,7.6
2025-12-09 04:00:00,19.0,36,5.7
2025-12-09 05:00:00,21.9,30,3.1
2025-12-09 06:00:00,25.5,24,1.4
2025-12-09 07:00:00,27.8,19,1.3
2025-12-09 08:00:00,29.0,16,0.7
2025-12-09 09:00:00,29.5,15,3.1
2025-12-09 10:00:00,29.5,18,6.5
2025-12-09 11:00:00,28.5,29,8.6
2025-12-09 12:00:00,27.0,36,7.7
2025-12-09 13:00:00,25.8,38,6.0
2025-12-09 14:00:00,24.9,35,6.2
2025-12-09 15:00:00,23.5,36,6.0
2025-12-09 16:00:00,22.6,36,3.8
2025-12-09 17:00:00,22.0,37,3.8
2025-12-09 18:00:00,20.5,43,3.3
2025-12-09 19:00:00,20.8,38,3.9
2025-12-09 20:00:00,20.0,36,4.6
2025-12-09 21:00:00,18.5,36,6.4
2025-12-09 22:00:00,17.5,37,6.4
2025-12-09 23:00:00,16.9,38,6.3
2025-12-10 00:00:00,16.2,42,4.9
2025-12-10 01:00:00,15.1,46,5.9
2025-12-10 02:00:00,14.2,48,6.7
2025-12-10 03:00:00,14.9,46,7.0
2025-12-10 04:00:00,18.2,35,5.0
2025-12-10 05:00:00,22.2,28,4.2
2025-12-10 06:00:00,25.4,25,1.0
2025-12-10 07:00:00,27.4,22,2.3
2025-12-10 08:00:00,28.2,21,6.2
2025-12-10 09:00:00,28.2,25,9.1
2025-12-10 10:00:00,27.9,27,9.8
2025-12-10 11:00:00,27.5,26,9.7
2025-12-10 12:00:00,26.0,38,7.8
2025-12-10 13:00:00,24.2,54,7.2
2025-12-10 14:00:00,23.1,63,6.0
2025-12-10 15:00:00,22.4,67,5.6
2025-12-10 16:00:00,21.8,71,5.6
2025-12-10 17:00:00,21.3,75,4.7
2025-12-10 18:00:00,19.6,82,2.7
2025-12-10 19:00:00,19.0,81,4.7
2025-12-10 20:00:00,17.8,86,5.4
2025-12-10 21:00:00,17.2,86,4.7
2025-12-10 22:00:00,16.9,85,4.5
2025-12-10 23:00:00,16.5,86,4.5
2025-12-11 00:00:00,15.4,86,2.7
2025-12-11 01:00:00,15.3,85,2.7
2025-12-11 02:00:00,15.0,85,3.1
2025-12-11 03:00:00,15.6,82,2.9
2025-12-11 04:00:00,18.4,76,1.8
2025-12-11 05:00:00,21.6,70,1.3
2025-12-11 06:00:00,23.8,69,3.8
2025-12-11 07:00:00,25.2,62,5.4
2025-12-11 08:00:00,26.0,57,7.3
2025-12-11 09:00:00,26.1,56,9.2
2025-12-11 10:00:00,26.0,56,10.2
2025-12-11 11:00:00,25.5,56,9.3
2025-12-11 12:00:00,24.8,62,8.2
2025-12-11 13:00:00,23.7,69,7.6
2025-12-11 14:00:00,22.9,74,7.1
2025-12-11 15:00:00,22.2,80,6.0
2025-12-11 16:00:00,21.7,84,5.2
2025-12-11 17:00:00,21.2,87,4.7
2025-12-11 18:00:00,19.6,90,3.3
2025-12-11 19:00:00,19.4,90,4.0
2025-12-11 20:00:00,18.6,92,3.8
2025-12-11 21:00:00,18.0,93,4.2
2025-12-11 22:00:00,17.2,94,4.9
2025-12-11 23:00:00,16.6,95,5.8
2025-12-12 00:00:00,15.1,99,5.8
2025-12-12 01:00:00,15.3,99,5.6
2025-12-12 02:00:00,15.4,99,4.5
2025-12-12 03:00:00,15.8,97,3.8
2025-12-12 04:00:00,16.3,99,3.2
2025-12-12 05:00:00,18.0,92,2.3
2025-12-12 06:00:00,21.2,82,3.3
2025-12-12 07:00:00,23.6,71,5.8
2025-12-12 08:00:00,24.8,63,8.5
2025-12-12 09:00:00,25.2,59,9.5
2025-12-12 10:00:00,25.4,57,10.4
2025-12-12 11:00:00,25.1,54,11.1
2025-12-12 12:00:00,24.4,57,10.5
2025-12-12 13:00:00,23.2,65,8.6
2025-12-12 14:00:00,22.5,70,7.2
2025-12-12 15:00:00,22.1,73,7.0
2025-12-12 16:00:00,21.6,77,6.9
2025-12-12 17:00:00,21.2,78,6.7
2025-12-12 18:00:00,20.4,77,4.4
2025-12-12 19:00:00,20.2,77,4.6
2025-12-12 20:00:00,19.9,79,4.7
2025-12-12 21:00:00,19.5,81,5.2
2025-12-12 22:00:00,19.4,84,5.7
2025-12-12 23:00:00,19.2,86,5.6
2025-12-13 00:00:00,19.0,83,5.6
2025-12-13 01:00:00,18.3,85,4.4
2025-12-13 02:00:00,17.1,87,5.9
2025-12-13 03:00:00,16.6,89,6.7
2025-12-13 04:00:00,18.8,80,4.2
2025-12-13 05:00:00,22.0,67,2.7
2025-12-13 06:00:00,24.0,65,4.1
2025-12-13 07:00:00,25.5,56,6.4
2025-12-13 08:00:00,26.3,50,8.1
2025-12-13 09:00:00,26.5,48,9.5
2025-12-13 10:00:00,26.3,47,10.1
2025-12-13 11:00:00,25.5,51,10.1
2025-12-13 12:00:00,24.6,55,9.5
2025-12-13 13:00:00,23.5,66,8.1
2025-12-13 14:00:00,22.5,74,6.8
2025-12-13 15:00:00,21.9,78,4.8
2025-12-13 16:00:00,21.3,81,3.7
2025-12-13 17:00:00,20.8,83,3.4
2025-12-13 18:00:00,19.6,88,2.5
2025-12-13 19:00:00,19.6,87,4.8
2025-12-13 20:00:00,19.0,89,5.4
2025-12-13 21:00:00,18.4,91,5.6
2025-12-13 22:00:00,17.6,94,6.2
2025-12-13 23:00:00,17.0,94,6.0
2025-12-14 00:00:00,16.5,92,6.5
2025-12-14 01:00:00,16.3,89,7.1
2025-12-14 02:00:00,16.1,89,7.3
2025-12-14 03:00:00,16.5,84,7.8
2025-12-14 04:00:00,18.4,72,7.2
2025-12-14 05:00:00,21.4,57,5.9
2025-12-14 06:00:00,23.2,51,6.4
2025-12-14 07:00:00,24.6,39,4.5
2025-12-14 08:00:00,25.6,33,3.5
2025-12-14 09:00:00,26.4,29,2.9
2025-12-14 10:00:00,26.5,28,3.4
2025-12-14 11:00:00,26.2,32,5.0
2025-12-14 12:00:00,25.4,43,7.3
2025-12-14 13:00:00,24.0,55,8.1
2025-12-14 14:00:00,23.0,59,6.4
2025-12-14 15:00:00,22.5,59,2.8
2025-12-14 16:00:00,22.0,53,8.3
2025-12-14 17:00:00,21.0,47,9.6
2025-12-14 18:00:00,19.9,51,9.9
2025-12-14 19:00:00,19.1,53,10.3
2025-12-14 20:00:00,18.5,56,10.7
2025-12-14 21:00:00,18.0,58,10.4
2025-12-14 22:00:00,17.6,60,10.7
2025-12-14 23:00:00,17.3,61,11.1
2025-12-15 00:00:00,17.0,61,11.1
2025-12-15 01:00:00,16.8,62,10.5
2025-12-15 02:00:00,16.5,63,10.4
2025-12-15 03:00:00,16.5,62,10.0
2025-12-15 04:00:00,18.1,56,8.0
2025-12-15 05:00:00,20.8,47,6.7
2025-12-15 06:00:00,23.5,39,6.4
2025-12-15 07:00:00,25.5,31,6.5
2025-12-15 08:00:00,26.6,28,5.2
2025-12-15 09:00:00,27.3,26,4.4
2025-12-15 10:00:00,27.5,25,3.6
2025-12-15 11:00:00,27.4,25,3.1
2025-12-15 12:00:00,27.0,27,4.1
2025-12-15 13:00:00,25.7,31,2.0
2025-12-15 14:00:00,24.8,33,5.2
2025-12-15 15:00:00,23.7,35,10.0
2025-12-15 16:00:00,22.1,42,11.0
2025-12-15 17:00:00,21.0,47,11.0
2025-12-15 18:00:00,20.1,51,11.0
2025-12-15 19:00:00,19.5,54,11.1
2025-12-15 20:00:00,19.1,56,11.2
2025-12-15 21:00:00,18.7,58,11.1
2025-12-15 22:00:00,18.3,58,11.6
2025-12-15 23:00:00,18.0,58,11.9
2025-12-16 00:00:00,17.8,58,11.9
2025-12-16 01:00:00,17.6,57,11.7
2025-12-16 02:00:00,17.5,57,11.8
2025-12-16 03:00:00,17.8,55,11.9
2025-12-16 04:00:00,19.5,49,11.1
2025-12-16 05:00:00,22.1,42,10.7
2025-12-16 06:00:00,24.6,36,11.6
2025-12-16 07:00:00,26.3,30,14.1
2025-12-16 08:00:00,27.3,28,14.1
2025-12-16 09:00:00,27.9,26,13.5
2025-12-16 10:00:00,28.1,25,12.2
2025-12-16 11:00:00,27.9,26,11.7
2025-12-16 12:00:00,27.0,28,11.4
2025-12-16 13:00:00,25.6,31,11.1
2025-12-16 14:00:00,24.4,35,12.2
2025-12-16 15:00:00,23.0,38,12.1
2025-12-16 16:00:00,21.9,43,12.5
2025-12-16 17:00:00,21.0,46,12.7
2025-12-16 18:00:00,20.4,49,12.7
2025-12-16 19:00:00,20.1,49,12.4
2025-12-16 20:00:00,19.9,49,11.5
2025-12-16 21:00:00,19.5,49,10.9
2025-12-16 22:00:00,19.1,49,10.4
2025-12-16 23:00:00,18.7,50,10.2
2025-12-17 00:00:00,18.1,50,8.6
2025-12-17 01:00:00,17.5,51,9.2
2025-12-17 02:00:00,17.0,53,9.8
2025-12-17 03:00:00,17.4,52,10.7
2025-12-17 04:00:00,19.2,47,10.5
2025-12-17 05:00:00,22.0,41,9.7
2025-12-17 06:00:00,24.6,35,10.8
2025-12-17 07:00:00,26.2,30,12.8
2025-12-17 08:00:00,27.2,28,10.8
2025-12-17 09:00:00,27.8,26,10.0
2025-12-17 10:00:00,28.0,25,9.3
2025-12-17 11:00:00,27.6,25,9.4
2025-12-17 12:00:00,26.9,28,8.0
2025-12-17 13:00:00,25.6,33,7.0
2025-12-17 14:00:00,25.0,34,7.5
2025-12-17 15:00:00,24.1,35,8.9
2025-12-17 16:00:00,22.9,39,10.6
2025-12-17 17:00:00,22.0,42,10.1
2025-12-17 18:00:00,21.0,44,9.2
2025-12-17 19:00:00,20.1,47,9.0
2025-12-17 20:00:00,19.4,50,8.6
2025-12-17 21:00:00,18.6,53,8.4
2025-12-17 22:00:00,18.0,54,8.4
2025-12-17 23:00:00,17.5,56,8.5
2025-12-18 00:00:00,17.1,55,8.4
2025-12-18 01:00:00,16.8,56,8.5
2025-12-18 02:00:00,16.2,57,8.5
2025-12-18 03:00:00,16.4,55,8.3
2025-12-18 04:00:00,18.2,49,7.7
2025-12-18 05:00:00,21.0,42,7.0
2025-12-18 06:00:00,24.4,33,3.9
2025-12-18 07:00:00,26.1,29,2.3
2025-12-18 08:00:00,27.0,26,0.8
2025-12-18 09:00:00,27.5,25,2.7
2025-12-18 10:00:00,27.5,26,6.2
2025-12-18 11:00:00,26.5,37,9.5
2025-12-18 12:00:00,25.3,45,9.7
2025-12-18 13:00:00,24.0,50,7.9
2025-12-18 14:00:00,23.1,50,7.3
2025-12-18 15:00:00,22.4,51,7.8
2025-12-18 16:00:00,21.8,51,7.9
2025-12-18 17:00:00,21.4,48,7.6
2025-12-18 18:00:00,20.9,44,6.9
2025-12-18 19:00:00,20.4,44,7.5
2025-12-18 20:00:00,19.9,45,7.4
2025-12-18 21:00:00,19.4,47,6.8
2025-12-18 22:00:00,19.0,49,6.6
2025-12-18 23:00:00,18.5,50,6.9
2025-12-19 00:00:00,18.1,51,6.9
2025-12-19 01:00:00,17.9,51,7.7
2025-12-19 02:00:00,17.7,51,7.3
2025-12-19 03:00:00,17.9,50,7.3
2025-12-19 04:00:00,19.5,45,5.5
2025-12-19 05:00:00,22.0,39,4.4
2025-12-19 06:00:00,24.4,34,3.8
2025-12-19 07:00:00,26.0,29,3.7
2025-12-19 08:00:00,27.1,27,3.1
2025-12-19 09:00:00,27.9,26,2.4
2025-12-19 10:00:00,28.5,24,2.9
2025-12-19 11:00:00,28.4,26,4.6
2025-12-19 12:00:00,27.4,33,6.9
2025-12-19 13:00:00,25.5,46,7.7
2025-12-19 14:00:00,24.4,52,6.5
2025-12-19 15:00:00,23.6,53,6.6
2025-12-19 16:00:00,23.1,55,4.6
2025-12-19 17:00:00,22.7,56,5.6
2025-12-19 18:00:00,22.3,57,4.5
2025-12-19 19:00:00,22.1,54,4.7
2025-12-19 20:00:00,22.0,49,4.5
2025-12-19 21:00:00,21.8,47,2.8
2025-12-19 22:00:00,21.1,48,3.3
2025-12-19 23:00:00,20.9,48,2.6
2025-12-20 00:00:00,20.5,48,2.1
2025-12-20 01:00:00,19.4,53,1.9
2025-12-20 02:00:00,19.1,51,2.4
2025-12-20 03:00:00,19.0,51,4.1
2025-12-20 04:00:00,20.9,45,2.7
2025-12-20 05:00:00,23.7,36,1.9
2025-12-20 06:00:00,25.9,32,1.2
2025-12-20 07:00:00,26.9,30,3.8
2025-12-20 08:00:00,27.5,29,6.0
2025-12-20 09:00:00,27.6,30,7.7
2025-12-20 10:00:00,27.5,31,8.3
2025-12-20 11:00:00,26.7,36,8.5
2025-12-20 12:00:00,26.1,49,8.5
2025-12-20 13:00:00,25.1,55,8.4
2025-12-20 14:00:00,24.2,60,7.0
2025-12-20 15:00:00,23.5,65,5.3
2025-12-20 16:00:00,22.9,69,4.7
2025-12-20 17:00:00,22.2,72,5.4
2025-12-20 18:00:00,21.5,75,5.4
2025-12-20 19:00:00,21.0,78,5.4
2025-12-20 20:00:00,20.5,80,5.1
2025-12-20 21:00:00,20.3,82,5.2
2025-12-20 22:00:00,20.2,83,4.7
2025-12-20 23:00:00,20.0,87,4.2
2025-12-21 00:00:00,19.0,91,2.1
2025-12-21 01:00:00,19.0,92,1.4
2025-12-21 02:00:00,18.9,94,1.9
2025-12-21 03:00:00,19.1,93,3.2
2025-12-21 04:00:00,21.1,85,2.2
2025-12-21 05:00:00,23.5,75,1.1
2025-12-21 06:00:00,25.1,68,5.2
2025-12-21 07:00:00,26.3,57,6.9
2025-12-21 08:00:00,26.6,54,9.2
2025-12-21 09:00:00,26.6,52,10.5
2025-12-21 10:00:00,26.6,50,10.8
2025-12-21 11:00:00,26.1,49,10.8
2025-12-21 12:00:00,25.5,46,8.7
2025-12-21 13:00:00,24.2,55,7.7
2025-12-21 14:00:00,23.3,65,7.1
2025-12-21 15:00:00,22.6,72,6.8
2025-12-21 16:00:00,22.0,77,7.0
2025-12-21 17:00:00,21.5,79,7.6
2025-12-21 18:00:00,21.4,67,8.1
2025-12-21 19:00:00,21.4,62,7.7
2025-12-21 20:00:00,21.0,61,8.1
2025-12-21 21:00:00,20.7,60,8.6
2025-12-21 22:00:00,20.4,56,8.5
2025-12-21 23:00:00,19.9,55,7.8
2025-12-22 00:00:00,18.8,70,8.5
2025-12-22 01:00:00,18.5,69,8.7
2025-12-22 02:00:00,18.0,68,8.7
2025-12-22 03:00:00,17.9,64,7.5
2025-12-22 04:00:00,19.4,56,6.0
2025-12-22 05:00:00,22.0,46,3.4
2025-12-22 06:00:00,24.8,33,2.7
2025-12-22 07:00:00,25.9,30,1.5
2025-12-22 08:00:00,26.5,30,4.1
2025-12-22 09:00:00,26.8,31,6.7
2025-12-22 10:00:00,26.7,33,8.5
2025-12-22 11:00:00,26.0,36,9.3
2025-12-22 12:00:00,25.0,43,9.7
2025-12-22 13:00:00,23.6,48,8.5
2025-12-22 14:00:00,22.6,50,6.8
2025-12-22 15:00:00,22.0,50,7.0
2025-12-22 16:00:00,21.9,48,8.3
2025-12-22 17:00:00,22.0,51,8.5
2025-12-22 18:00:00,21.1,58,9.5
2025-12-22 19:00:00,20.4,61,9.9
2025-12-22 20:00:00,20.0,63,9.9
2025-12-22 21:00:00,19.5,65,10.4
2025-12-22 22:00:00,19.1,66,10.7
2025-12-22 23:00:00,18.8,67,11.0
2025-12-23 00:00:00,18.5,66,11.4
2025-12-23 01:00:00,18.1,67,11.7
2025-12-23 02:00:00,17.7,68,11.5
2025-12-23 03:00:00,17.7,68,11.6
2025-12-23 04:00:00,19.2,62,9.8
2025-12-23 05:00:00,21.6,51,8.9
2025-12-23 06:00:00,24.0,41,10.7
2025-12-23 07:00:00,25.5,34,10.3
2025-12-23 08:00:00,26.2,30,9.4
2025-12-23 09:00:00,26.7,27,8.5
2025-12-23 10:00:00,26.9,26,8.0
2025-12-23 11:00:00,26.7,26,8.2
2025-12-23 12:00:00,26.1,26,8.6
2025-12-23 13:00:00,25.1,29,8.9
2025-12-23 14:00:00,24.3,32,11.0
2025-12-23 15:00:00,23.3,36,11.4
2025-12-23 16:00:00,21.9,43,10.9
2025-12-23 17:00:00,20.9,48,10.0
2025-12-23 18:00:00,20.0,54,9.4
2025-12-23 19:00:00,19.4,57,9.1
2025-12-23 20:00:00,18.8,58,9.5
2025-12-23 21:00:00,18.3,58,9.6
2025-12-23 22:00:00,17.8,57,10.0
2025-12-23 23:00:00,17.4,56,10.2
2025-12-24 00:00:00,16.9,56,10.1
2025-12-24 01:00:00,16.7,56,9.8
2025-12-24 02:00:00,16.4,56,9.5
2025-12-24 03:00:00,16.4,55,9.3
2025-12-24 04:00:00,17.6,50,7.3
2025-12-24 05:00:00,20.2,40,6.1
2025-12-24 06:00:00,22.8,34,5.6
2025-12-24 07:00:00,24.4,28,5.2
2025-12-24 08:00:00,25.4,24,3.6
2025-12-24 09:00:00,26.1,22,1.2
2025-12-24 10:00:00,26.4,21,2.1
2025-12-24 11:00:00,26.0,23,5.5
2025-12-24 12:00:00,24.5,39,10.5
2025-12-24 13:00:00,23.0,45,10.4
2025-12-24 14:00:00,21.9,49,9.1
2025-12-24 15:00:00,21.0,54,7.8
2025-12-24 16:00:00,20.2,57,6.4
2025-12-24 17:00:00,19.5,59,6.9
2025-12-24 18:00:00,18.6,61,7.1
2025-12-24 19:00:00,18.4,57,7.0
2025-12-24 20:00:00,17.8,54,7.2
2025-12-24 21:00:00,17.0,54,7.4
2025-12-24 22:00:00,16.4,55,7.4
2025-12-24 23:00:00,15.8,58,7.2
2025-12-25 00:00:00,15.2,60,5.0
2025-12-25 01:00:00,14.9,62,5.1
2025-12-25 02:00:00,14.8,63,5.7
2025-12-25 03:00:00,15.0,61,6.0
2025-12-25 04:00:00,16.7,56,4.9
2025-12-25 05:00:00,19.8,46,3.1
2025-12-25 06:00:00,22.0,47,1.4
2025-12-25 07:00:00,23.5,44,2.5
2025-12-25 08:00:00,24.1,42,5.1
2025-12-25 09:00:00,24.1,45,6.9
2025-12-25 10:00:00,24.0,48,7.9
2025-12-25 11:00:00,23.6,52,7.9
2025-12-25 12:00:00,23.1,52,8.9
2025-12-25 13:00:00,22.3,55,8.9
2025-12-25 14:00:00,21.6,60,7.9
2025-12-25 15:00:00,20.8,66,6.0
2025-12-25 16:00:00,20.0,71,5.9
2025-12-25 17:00:00,19.6,74,6.2
2025-12-25 18:00:00,19.4,78,4.9
2025-12-25 19:00:00,19.1,79,4.0
2025-12-25 20:00:00,18.4,83,5.2
2025-12-25 21:00:00,17.4,88,5.9
2025-12-25 22:00:00,16.8,90,6.5
2025-12-25 23:00:00,16.1,91,6.3
2025-12-26 00:00:00,15.5,92,5.9
2025-12-26 01:00:00,15.1,91,7.1
2025-12-26 02:00:00,14.9,89,7.3
2025-12-26 03:00:00,15.1,83,7.4
2025-12-26 04:00:00,17.0,70,7.1
2025-12-26 05:00:00,20.2,54,5.4
2025-12-26 06:00:00,22.2,55,2.4
2025-12-26 07:00:00,23.5,43,1.0
2025-12-26 08:00:00,24.2,39,3.6
2025-12-26 09:00:00,24.5,39,6.2
2025-12-26 10:00:00,24.4,40,7.9
2025-12-26 11:00:00,23.8,45,8.7
2025-12-26 12:00:00,22.9,51,8.2
2025-12-26 13:00:00,22.0,58,6.6
2025-12-26 14:00:00,21.3,63,6.3
2025-12-26 15:00:00,20.6,65,5.8
2025-12-26 16:00:00,20.0,67,6.8
2025-12-26 17:00:00,19.4,69,6.3
2025-12-26 18:00:00,18.6,70,5.2
2025-12-26 19:00:00,18.4,71,6.5
2025-12-26 20:00:00,18.1,71,7.2
2025-12-26 21:00:00,17.6,69,7.9
2025-12-26 22:00:00,17.2,65,7.8
2025-12-26 23:00:00,16.7,61,8.1
2025-12-27 00:00:00,15.9,57,8.1
2025-12-27 01:00:00,15.4,59,8.4
2025-12-27 02:00:00,15.1,61,8.3
2025-12-27 03:00:00,15.2,61,8.0
2025-12-27 04:00:00,16.8,56,7.9
2025-12-27 05:00:00,19.8,46,5.0
2025-12-27 06:00:00,22.5,36,4.8
2025-12-27 07:00:00,24.2,30,4.3
2025-12-27 08:00:00,25.0,28,2.8
2025-12-27 09:00:00,25.5,26,3.6
2025-12-27 10:00:00,25.5,27,6.0
2025-12-27 11:00:00,25.1,30,8.2
2025-12-27 12:00:00,23.9,39,10.5
2025-12-27 13:00:00,22.6,44,9.9
2025-12-27 14:00:00,21.9,43,7.3
2025-12-27 15:00:00,21.2,46,7.3
2025-12-27 16:00:00,20.7,50,7.0
2025-12-27 17:00:00,20.2,52,7.0
2025-12-27 18:00:00,19.3,53,7.1
2025-12-27 19:00:00,18.8,48,8.6
2025-12-27 20:00:00,18.4,44,7.2
2025-12-27 21:00:00,17.7,46,7.8
2025-12-27 22:00:00,17.0,49,7.6
2025-12-27 23:00:00,16.4,51,7.0
2025-12-28 00:00:00,16.0,52,6.7
2025-12-28 01:00:00,15.8,52,7.9
2025-12-28 02:00:00,15.6,51,8.3
2025-12-28 03:00:00,15.7,51,7.9
2025-12-28 04:00:00,17.0,47,7.5
2025-12-28 05:00:00,20.0,39,4.3
2025-12-28 06:00:00,22.9,31,4.5
2025-12-28 07:00:00,24.5,27,3.6
2025-12-28 08:00:00,25.2,26,3.8
2025-12-28 09:00:00,25.5,26,4.9
2025-12-28 10:00:00,25.6,26,5.5
2025-12-28 11:00:00,25.4,27,6.3
2025-12-28 12:00:00,24.4,34,8.6
2025-12-28 13:00:00,22.9,42,8.1
2025-12-28 14:00:00,22.0,45,6.6
2025-12-28 15:00:00,21.1,48,6.4
2025-12-28 16:00:00,20.4,52,7.0
2025-12-28 17:00:00,20.0,53,6.8
2025-12-28 18:00:00,19.2,54,6.9
2025-12-28 19:00:00,19.1,49,7.4
2025-12-28 20:00:00,18.7,46,7.7
2025-12-28 21:00:00,18.1,45,7.3
2025-12-28 22:00:00,17.4,47,7.6
2025-12-28 23:00:00,16.6,51,6.9
2025-12-29 00:00:00,16.0,55,6.2
2025-12-29 01:00:00,15.5,58,6.6
2025-12-29 02:00:00,15.1,60,7.2
2025-12-29 03:00:00,15.1,60,7.4
2025-12-29 04:00:00,16.9,54,6.0
2025-12-29 05:00:00,19.6,44,4.2
2025-12-29 06:00:00,22.2,38,4.1
2025-12-29 07:00:00,24.1,33,4.1
2025-12-29 08:00:00,25.1,32,4.3
2025-12-29 09:00:00,25.5,32,6.5
2025-12-29 10:00:00,25.3,33,7.6
2025-12-29 11:00:00,25.0,34,7.9
2025-12-29 12:00:00,24.0,36,7.6
2025-12-29 13:00:00,22.8,43,7.7
2025-12-29 14:00:00,22.0,51,8.1
2025-12-29 15:00:00,21.1,59,8.5
2025-12-29 16:00:00,20.6,62,7.6
2025-12-29 17:00:00,20.2,63,7.8
2025-12-29 18:00:00,19.4,65,6.7
2025-12-29 19:00:00,18.7,67,6.1
2025-12-29 20:00:00,18.0,70,6.7
2025-12-29 21:00:00,17.8,70,5.1
2025-12-29 22:00:00,17.5,71,4.8
2025-12-29 23:00:00,17.0,73,5.2
2025-12-30 00:00:00,16.8,70,4.4
2025-12-30 01:00:00,16.4,70,5.3
2025-12-30 02:00:00,16.1,69,6.0
2025-12-30 03:00:00,16.4,66,4.9
2025-12-30 04:00:00,18.1,58,4.4
2025-12-30 05:00:00,21.3,48,3.3
2025-12-30 06:00:00,23.0,51,2.5
2025-12-30 07:00:00,24.0,52,6.7
2025-12-30 08:00:00,24.4,53,8.5
2025-12-30 09:00:00,24.2,56,10.7
2025-12-30 10:00:00,23.9,60,10.1
2025-12-30 11:00:00,23.4,66,11.9
2025-12-30 12:00:00,22.6,72,10.3
2025-12-30 13:00:00,22.5,75,7.9
2025-12-30 14:00:00,22.1,79,7.2
2025-12-30 15:00:00,22.0,80,9.1
2025-12-30 16:00:00,21.7,84,11.8
2025-12-30 17:00:00,21.4,86,12.1
2025-12-30 18:00:00,21.4,86,9.2
2025-12-30 19:00:00,21.6,83,8.9
2025-12-30 20:00:00,19.2,83,19.7
2025-12-30 21:00:00,19.1,88,6.8
2025-12-30 22:00:00,18.5,91,0.7
2025-12-30 23:00:00,18.5,90,0.7
2025-12-31 00:00:00,20.4,85,9.1
2025-12-31 01:00:00,20.3,83,9.1
2025-12-31 02:00:00,20.2,82,9.0
2025-12-31 03:00:00,20.5,80,12.4
2025-12-31 04:00:00,22.4,61,13.0
2025-12-31 05:00:00,23.0,49,17.2
2025-12-31 06:00:00,24.1,46,12.8
2025-12-31 07:00:00,24.1,47,13.6
2025-12-31 08:00:00,24.1,46,12.3
2025-12-31 09:00:00,24.1,44,11.1
2025-12-31 10:00:00,23.8,42,12.2
2025-12-31 11:00:00,23.1,39,13.2
2025-12-31 12:00:00,22.3,48,12.4
2025-12-31 13:00:00,21.2,54,9.8
2025-12-31 14:00:00,20.6,58,5.9
2025-12-31 15:00:00,20.0,60,4.7
2025-12-31 16:00:00,19.5,60,6.0
2025-12-31 17:00:00,19.0,61,6.0
2025-12-31 18:00:00,18.5,66,4.1
2025-12-31 19:00:00,18.7,64,5.0
2025-12-31 20:00:00,18.3,66,2.8
2025-12-31 21:00:00,17.6,69,6.6
2025-12-31 22:00:00,17.1,71,7.0
2025-12-31 23:00:00,16.8,73,7.3
2026-01-01 00:00:00,16.2,77,8.7
2026-01-01 01:00:00,16.1,78,8.4
2026-01-01 02:00:00,15.9,80,8.0
2026-01-01 03:00:00,16.0,79,8.0
2026-01-01 04:00:00,17.5,69,6.9
2026-01-01 05:00:00,19.5,59,6.7
2026-01-01 06:00:00,21.3,53,6.7
2026-01-01 07:00:00,22.7,46,5.6
2026-01-01 08:00:00,23.6,42,3.7
2026-01-01 09:00:00,24.4,39,3.6
2026-01-01 10:00:00,24.7,37,3.3
2026-01-01 11:00:00,24.5,38,4.6
2026-01-01 12:00:00,23.8,40,5.7
2026-01-01 13:00:00,21.9,57,10.4
2026-01-01 14:00:00,20.9,62,9.1
2026-01-01 15:00:00,20.5,63,6.4
2026-01-01 16:00:00,20.1,62,7.3
2026-01-01 17:00:00,19.9,58,7.3
2026-01-01 18:00:00,19.2,55,8.2
2026-01-01 19:00:00,18.5,57,8.5
2026-01-01 20:00:00,17.9,61,7.7
2026-01-01 21:00:00,17.5,64,7.6
2026-01-01 22:00:00,17.0,66,8.4
2026-01-01 23:00:00,16.5,68,9.3
2026-01-02 00:00:00,15.9,71,8.5
2026-01-02 01:00:00,15.8,70,8.8
2026-01-02 02:00:00,15.5,68,9.0
2026-01-02 03:00:00,15.6,65,9.3
2026-01-02 04:00:00,17.1,58,7.5
2026-01-02 05:00:00,19.4,48,6.7
2026-01-02 06:00:00,21.5,41,6.8
2026-01-02 07:00:00,22.9,38,5.1
2026-01-02 08:00:00,23.8,35,3.5
2026-01-02 09:00:00,24.4,33,2.5
2026-01-02 10:00:00,24.5,32,2.1
2026-01-02 11:00:00,24.4,32,2.9
2026-01-02 12:00:00,23.8,36,6.7
2026-01-02 13:00:00,22.2,50,11.6
2026-01-02 14:00:00,21.2,54,10.8
2026-01-02 15:00:00,20.7,57,6.5
2026-01-02 16:00:00,20.1,60,4.0
2026-01-02 17:00:00,19.5,61,5.7
2026-01-02 18:00:00,19.0,56,5.9
2026-01-02 19:00:00,18.5,52,6.6
2026-01-02 20:00:00,17.6,52,6.5
2026-01-02 21:00:00,16.8,54,6.5
2026-01-02 22:00:00,16.2,56,6.5
2026-01-02 23:00:00,15.8,59,5.9
2026-01-03 00:00:00,15.2,62,4.9
2026-01-03 01:00:00,14.9,64,5.3
2026-01-03 02:00:00,14.6,65,5.9
2026-01-03 03:00:00,14.6,65,6.9
2026-01-03 04:00:00,16.1,61,5.8
2026-01-03 05:00:00,18.6,53,4.9
2026-01-03 06:00:00,20.6,47,5.3
2026-01-03 07:00:00,21.8,48,3.2
2026-01-03 08:00:00,22.6,47,4.0
2026-01-03 09:00:00,23.0,46,6.6
2026-01-03 10:00:00,23.0,48,8.0
2026-01-03 11:00:00,22.9,50,7.8
2026-01-03 12:00:00,22.4,52,8.2
2026-01-03 13:00:00,21.6,55,7.7
2026-01-03 14:00:00,20.8,61,6.7
2026-01-03 15:00:00,20.0,67,5.0
2026-01-03 16:00:00,19.2,71,4.3
2026-01-03 17:00:00,18.5,74,3.6
2026-01-03 18:00:00,17.6,79,2.1
2026-01-03 19:00:00,17.9,78,3.5
2026-01-03 20:00:00,17.5,80,4.0
2026-01-03 21:00:00,16.9,84,4.6
2026-01-03 22:00:00,16.1,88,5.4
2026-01-03 23:00:00,15.7,89,5.7
2026-01-04 00:00:00,14.9,88,5.9
2026-01-04 01:00:00,14.6,88,6.4
2026-01-04 02:00:00,14.5,88,7.0
2026-01-04 03:00:00,14.8,84,7.0
2026-01-04 04:00:00,16.4,74,6.0
2026-01-04 05:00:00,18.9,59,5.3
2026-01-04 06:00:00,21.0,55,6.4
2026-01-04 07:00:00,22.3,54,4.7
2026-01-04 08:00:00,23.2,49,4.9
2026-01-04 09:00:00,23.7,48,6.3
2026-01-04 10:00:00,23.5,50,7.6
2026-01-04 11:00:00,23.0,55,8.9
2026-01-04 12:00:00,22.0,52,7.8
2026-01-04 13:00:00,21.0,60,7.3
2026-01-04 14:00:00,20.2,70,7.6
2026-01-04 15:00:00,19.8,76,6.8
2026-01-04 16:00:00,19.4,80,5.6
2026-01-04 17:00:00,18.9,82,4.6
2026-01-04 18:00:00,18.0,87,2.7
2026-01-04 19:00:00,17.9,88,4.5
2026-01-04 20:00:00,17.4,91,5.3
2026-01-04 21:00:00,16.9,93,5.7
2026-01-04 22:00:00,16.5,93,6.6
2026-01-04 23:00:00,16.2,93,7.2
2026-01-05 00:00:00,15.8,92,7.1
2026-01-05 01:00:00,15.8,88,6.9
2026-01-05 02:00:00,15.6,86,7.1
2026-01-05 03:00:00,15.4,85,6.8
2026-01-05 04:00:00,17.0,75,5.1
2026-01-05 05:00:00,19.3,60,5.0
2026-01-05 06:00:00,21.4,49,4.9
2026-01-05 07:00:00,22.6,45,3.6
2026-01-05 08:00:00,23.6,40,2.4
2026-01-05 09:00:00,24.3,37,2.9
2026-01-05 10:00:00,24.4,37,4.2
2026-01-05 11:00:00,23.9,43,6.8
2026-01-05 12:00:00,22.9,52,7.9
2026-01-05 13:00:00,21.7,57,8.9
2026-01-05 14:00:00,21.0,61,7.1
2026-01-05 15:00:00,20.6,65,4.9
2026-01-05 16:00:00,20.5,66,5.2
2026-01-05 17:00:00,19.9,59,8.2
2026-01-05 18:00:00,19.2,57,9.4
2026-01-05 19:00:00,18.6,60,9.4
2026-01-05 20:00:00,18.2,62,9.3
2026-01-05 21:00:00,18.0,62,9.3
2026-01-05 22:00:00,17.5,64,9.2
2026-01-05 23:00:00,17.1,66,9.1
2026-01-06 00:00:00,16.4,70,8.8
2026-01-06 01:00:00,16.1,71,8.3
2026-01-06 02:00:00,15.8,72,7.4
2026-01-06 03:00:00,15.9,71,8.2
2026-01-06 04:00:00,17.2,63,7.0
2026-01-06 05:00:00,19.0,54,8.6
2026-01-06 06:00:00,21.2,47,8.7
2026-01-06 07:00:00,23.1,36,11.4
2026-01-06 08:00:00,24.2,29,11.8
2026-01-06 09:00:00,24.8,27,11.2
2026-01-06 10:00:00,24.8,26,10.2
2026-01-06 11:00:00,24.6,26,10.2
2026-01-06 12:00:00,24.0,27,10.1
2026-01-06 13:00:00,22.9,30,10.9
2026-01-06 14:00:00,22.0,34,12.7
2026-01-06 15:00:00,21.0,37,12.8
2026-01-06 16:00:00,20.0,41,12.5
2026-01-06 17:00:00,19.2,46,12.0
2026-01-06 18:00:00,18.5,50,11.6
2026-01-06 19:00:00,17.8,54,10.3
2026-01-06 20:00:00,17.2,57,9.9
2026-01-06 21:00:00,16.8,59,10.3
2026-01-06 22:00:00,16.4,60,11.3
2026-01-06 23:00:00,16.0,62,11.7
2026-01-07 00:00:00,15.6,62,10.8
2026-01-07 01:00:00,15.4,62,10.6
2026-01-07 02:00:00,15.2,62,11.2
2026-01-07 03:00:00,15.4,61,11.5
2026-01-07 04:00:00,16.9,56,9.8
2026-01-07 05:00:00,18.9,49,10.2
2026-01-07 06:00:00,20.8,42,11.3
2026-01-07 07:00:00,22.4,32,12.4
2026-01-07 08:00:00,23.3,27,12.2
2026-01-07 09:00:00,23.8,25,11.6
2026-01-07 10:00:00,23.8,25,11.8
2026-01-07 11:00:00,23.5,25,12.3
2026-01-07 12:00:00,22.7,27,12.1
2026-01-07 13:00:00,21.8,28,12.2
2026-01-07 14:00:00,20.9,29,13.7
2026-01-07 15:00:00,19.9,33,13.6
2026-01-07 16:00:00,18.7,40,12.9
2026-01-07 17:00:00,17.6,47,13.6
2026-01-07 18:00:00,17.0,50,14.4
2026-01-07 19:00:00,16.7,50,14.1
2026-01-07 20:00:00,16.2,50,13.7
2026-01-07 21:00:00,15.9,50,13.5
2026-01-07 22:00:00,15.6,50,13.4
2026-01-07 23:00:00,15.2,51,14.4
2026-01-08 00:00:00,15.0,51,14.2
2026-01-08 01:00:00,14.9,52,14.3
2026-01-08 02:00:00,14.6,53,13.2
2026-01-08 03:00:00,14.6,53,13.1
2026-01-08 04:00:00,15.7,50,10.0
2026-01-08 05:00:00,17.6,45,11.4
2026-01-08 06:00:00,19.5,36,12.6
2026-01-08 07:00:00,20.8,26,13.4
2026-01-08 08:00:00,21.9,21,12.4
2026-01-08 09:00:00,22.5,18,10.8
2026-01-08 10:00:00,22.6,18,10.5
2026-01-08 11:00:00,22.5,19,10.5
2026-01-08 12:00:00,21.9,20,10.4
2026-01-08 13:00:00,21.0,22,9.7
2026-01-08 14:00:00,20.0,25,11.4
2026-01-08 15:00:00,19.0,28,12.2
2026-01-08 16:00:00,18.0,32,12.1
2026-01-08 17:00:00,17.0,39,10.9
2026-01-08 18:00:00,16.0,45,10.5
2026-01-08 19:00:00,15.6,48,10.7
2026-01-08 20:00:00,15.1,49,10.4
2026-01-08 21:00:00,14.8,49,10.3
2026-01-08 22:00:00,14.5,49,9.9
2026-01-08 23:00:00,14.2,49,9.4
2026-01-09 00:00:00,13.8,48,8.9
2026-01-09 01:00:00,13.4,48,8.8
2026-01-09 02:00:00,13.1,49,8.5
2026-01-09 03:00:00,13.2,49,8.0
2026-01-09 04:00:00,14.6,45,6.2
2026-01-09 05:00:00,16.8,38,6.6
2026-01-09 06:00:00,19.1,31,7.3
2026-01-09 07:00:00,21.0,25,7.1
2026-01-09 08:00:00,22.1,22,6.4
2026-01-09 09:00:00,22.8,21,5.5
2026-01-09 10:00:00,23.0,21,5.2
2026-01-09 11:00:00,23.1,21,4.8
2026-01-09 12:00:00,22.6,21,4.2
2026-01-09 13:00:00,21.8,23,2.0
2026-01-09 14:00:00,20.6,28,1.5
2026-01-09 15:00:00,19.5,27,6.2
2026-01-09 16:00:00,18.6,26,9.2
2026-01-09 17:00:00,17.3,31,11.0
2026-01-09 18:00:00,16.5,35,11.6
2026-01-09 19:00:00,16.1,37,11.1
2026-01-09 20:00:00,15.4,40,10.6
2026-01-09 21:00:00,14.9,43,10.8
2026-01-09 22:00:00,14.3,46,10.6
2026-01-09 23:00:00,14.1,46,10.7
2026-01-10 00:00:00,13.7,47,11.2
2026-01-10 01:00:00,13.6,46,10.7
2026-01-10 02:00:00,13.4,46,10.6
2026-01-10 03:00:00,13.5,45,10.3
2026-01-10 04:00:00,14.9,41,9.2
2026-01-10 05:00:00,17.4,35,8.2
2026-01-10 06:00:00,19.5,30,8.3
2026-01-10 07:00:00,21.2,24,6.8
2026-01-10 08:00:00,22.3,22,5.2
2026-01-10 09:00:00,23.0,23,5.4
2026-01-10 10:00:00,23.3,23,6.1
2026-01-10 11:00:00,23.3,23,5.9
2026-01-10 12:00:00,23.0,26,7.1
2026-01-10 13:00:00,22.3,27,4.7
2026-01-10 14:00:00,21.5,29,4.1
2026-01-10 15:00:00,20.0,34,8.6
2026-01-10 16:00:00,18.9,32,8.0
2026-01-10 17:00:00,17.5,35,9.7
2026-01-10 18:00:00,16.5,39,8.8
2026-01-10 19:00:00,15.7,44,9.3
2026-01-10 20:00:00,14.9,48,9.6
2026-01-10 21:00:00,14.3,52,9.1
2026-01-10 22:00:00,13.8,54,9.1
2026-01-10 23:00:00,13.4,55,9.6
2026-01-11 00:00:00,12.9,54,9.8
2026-01-11 01:00:00,12.4,57,10.0
2026-01-11 02:00:00,12.1,58,10.6
2026-01-11 03:00:00,12.1,58,10.5
2026-01-11 04:00:00,13.6,52,9.1
2026-01-11 05:00:00,16.1,43,8.8
2026-01-11 06:00:00,19.1,32,7.6
2026-01-11 07:00:00,21.2,24,7.6
2026-01-11 08:00:00,22.6,21,8.2
2026-01-11 09:00:00,23.5,17,8.3
2026-01-11 10:00:00,23.8,16,8.5
2026-01-11 11:00:00,23.6,16,8.8
2026-01-11 12:00:00,23.0,16,9.5
2026-01-11 13:00:00,21.6,19,9.5
2026-01-11 14:00:00,20.4,23,10.8
2026-01-11 15:00:00,19.0,27,11.6
2026-01-11 16:00:00,17.5,32,11.8
2026-01-11 17:00:00,16.4,39,11.5
2026-01-11 18:00:00,15.4,42,10.8
2026-01-11 19:00:00,14.7,46,10.5
2026-01-11 20:00:00,14.1,48,9.8
2026-01-11 21:00:00,13.6,49,9.6
2026-01-11 22:00:00,13.2,49,8.9
2026-01-11 23:00:00,12.8,48,8.9
2026-01-12 00:00:00,12.5,47,8.9
2026-01-12 01:00:00,11.9,48,8.7
2026-01-12 02:00:00,11.4,48,8.0
2026-01-12 03:00:00,11.2,49,7.9
2026-01-12 04:00:00,12.7,44,5.7
2026-01-12 05:00:00,15.2,39,4.5
2026-01-12 06:00:00,18.2,32,3.1
2026-01-12 07:00:00,20.5,28,1.8
2026-01-12 08:00:00,22.0,29,1.4
2026-01-12 09:00:00,22.8,33,4.1
2026-01-12 10:00:00,22.8,40,7.3
2026-01-12 11:00:00,22.2,45,9.0
2026-01-12 12:00:00,21.2,50,8.7
2026-01-12 13:00:00,20.2,57,6.5
2026-01-12 14:00:00,19.7,62,5.6
2026-01-12 15:00:00,19.4,65,4.5
2026-01-12 16:00:00,18.9,74,0.9
2026-01-12 17:00:00,18.5,73,1.0
2026-01-12 18:00:00,17.2,75,2.8
2026-01-12 19:00:00,17.0,69,4.6
2026-01-12 20:00:00,16.0,62,6.1
2026-01-12 21:00:00,15.1,52,6.2
2026-01-12 22:00:00,14.4,48,7.7
2026-01-12 23:00:00,13.9,47,8.1
2026-01-13 00:00:00,13.3,48,7.6
2026-01-13 01:00:00,12.9,49,7.6
2026-01-13 02:00:00,12.6,51,8.3
2026-01-13 03:00:00,12.6,51,8.2
2026-01-13 04:00:00,14.2,46,6.2
2026-01-13 05:00:00,16.7,41,5.7
2026-01-13 06:00:00,19.7,36,5.9
2026-01-13 07:00:00,22.0,31,6.0
2026-01-13 08:00:00,23.2,32,4.5
2026-01-13 09:00:00,24.0,32,3.1
2026-01-13 10:00:00,24.4,33,1.6
2026-01-13 11:00:00,24.2,34,2.3
2026-01-13 12:00:00,23.0,42,9.1
2026-01-13 13:00:00,21.2,50,9.8
2026-01-13 14:00:00,20.5,51,5.1
2026-01-13 15:00:00,20.3,52,0.5
2026-01-13 16:00:00,19.9,53,4.3
2026-01-13 17:00:00,19.2,52,4.3
2026-01-13 18:00:00,17.8,53,3.4
2026-01-13 19:00:00,18.1,45,4.6
2026-01-13 20:00:00,17.4,46,4.4
2026-01-13 21:00:00,16.5,49,3.7
2026-01-13 22:00:00,15.9,52,4.0
2026-01-13 23:00:00,15.4,55,4.7
2026-01-14 00:00:00,14.7,55,4.0
2026-01-14 01:00:00,14.4,57,3.3
2026-01-14 02:00:00,14.2,58,2.3
2026-01-14 03:00:00,14.4,58,3.1
2026-01-14 04:00:00,16.4,52,2.5
2026-01-14 05:00:00,19.4,49,1.1
2026-01-14 06:00:00,21.6,50,2.9
2026-01-14 07:00:00,23.0,51,5.4
2026-01-14 08:00:00,23.7,52,8.6
2026-01-14 09:00:00,23.9,56,10.4
2026-01-14 10:00:00,23.6,60,10.8
2026-01-14 11:00:00,23.2,65,10.7
2026-01-14 12:00:00,22.9,66,9.6
2026-01-14 13:00:00,21.8,71,7.3
2026-01-14 14:00:00,21.1,76,6.0
2026-01-14 15:00:00,20.8,78,5.5
2026-01-14 16:00:00,20.5,81,4.8
2026-01-14 17:00:00,20.0,86,4.2
2026-01-14 18:00:00,19.8,86,5.8
2026-01-14 19:00:00,19.6,84,7.5
2026-01-14 20:00:00,19.4,85,7.5
2026-01-14 21:00:00,19.2,85,7.1
2026-01-14 22:00:00,18.7,88,4.6
2026-01-14 23:00:00,18.4,89,5.0
2026-01-15 00:00:00,16.8,91,2.7
2026-01-15 01:00:00,16.4,93,1.8
2026-01-15 02:00:00,16.0,95,0.9
2026-01-15 03:00:00,16.4,95,1.3
2026-01-15 04:00:00,17.8,92,2.6
2026-01-15 05:00:00,20.7,78,2.8
2026-01-15 06:00:00,22.9,70,3.6
2026-01-15 07:00:00,24.0,64,7.7
2026-01-15 08:00:00,24.5,60,11.4
2026-01-15 09:00:00,24.6,55,12.1
2026-01-15 10:00:00,24.5,56,11.1
2026-01-15 11:00:00,24.1,58,11.0
2026-01-15 12:00:00,23.8,61,11.3
2026-01-15 13:00:00,22.9,67,9.5
2026-01-15 14:00:00,22.1,73,8.0
2026-01-15 15:00:00,21.6,75,6.8
2026-01-15 16:00:00,21.2,77,5.2
2026-01-15 17:00:00,20.6,79,5.5
2026-01-15 18:00:00,19.1,84,3.2
2026-01-15 19:00:00,19.2,81,4.2
2026-01-15 20:00:00,18.9,82,4.0
2026-01-15 21:00:00,18.5,82,3.5
2026-01-15 22:00:00,18.1,85,2.5
2026-01-15 23:00:00,17.7,86,1.9
2026-01-16 00:00:00,16.9,89,3.5
2026-01-16 01:00:00,16.8,89,5.1
2026-01-16 02:00:00,16.9,88,5.1
2026-01-16 03:00:00,17.2,86,4.1
2026-01-16 04:00:00,18.7,79,3.5
2026-01-16 05:00:00,21.1,69,2.3
2026-01-16 06:00:00,23.2,62,4.8
2026-01-16 07:00:00,24.4,57,9.8
2026-01-16 08:00:00,24.9,53,11.6
2026-01-16 09:00:00,24.8,53,11.5
2026-01-16 10:00:00,25.0,51,11.1
2026-01-16 11:00:00,24.8,50,11.9
2026-01-16 12:00:00,24.0,54,11.8
2026-01-16 13:00:00,22.8,67,8.5
2026-01-16 14:00:00,21.8,76,6.9
2026-01-16 15:00:00,21.5,79,7.0
2026-01-16 16:00:00,21.3,79,7.3
2026-01-16 17:00:00,21.1,79,7.2
2026-01-16 18:00:00,20.9,78,7.0
2026-01-16 19:00:00,21.0,77,8.8
2026-01-16 20:00:00,20.9,78,8.5
2026-01-16 21:00:00,20.6,81,7.5
2026-01-16 22:00:00,20.5,83,8.0
2026-01-16 23:00:00,20.5,83,9.1
2026-01-17 00:00:00,20.0,83,7.4
2026-01-17 01:00:00,19.6,86,7.6
2026-01-17 02:00:00,19.3,87,7.7
2026-01-17 03:00:00,19.5,83,6.8
2026-01-17 04:00:00,20.8,75,5.2
2026-01-17 05:00:00,22.7,68,5.7
2026-01-17 06:00:00,23.8,65,8.1
2026-01-17 07:00:00,25.0,56,9.6
2026-01-17 08:00:00,25.4,52,12.0
2026-01-17 09:00:00,25.2,51,13.0
2026-01-17 10:00:00,25.1,50,12.7
2026-01-17 11:00:00,24.5,52,12.2
2026-01-17 12:00:00,23.9,53,11.8
2026-01-17 13:00:00,23.0,60,11.0
2026-01-17 14:00:00,22.2,65,8.8
2026-01-17 15:00:00,21.6,68,7.5
2026-01-17 16:00:00,21.2,70,6.5
2026-01-17 17:00:00,20.8,72,6.5
2026-01-17 18:00:00,20.0,74,4.0
2026-01-17 19:00:00,19.9,74,3.9
2026-01-17 20:00:00,19.2,75,4.8
2026-01-17 21:00:00,18.7,77,4.1
2026-01-17 22:00:00,18.2,79,3.1
2026-01-17 23:00:00,17.8,80,4.6
2026-01-18 00:00:00,17.2,84,6.0
2026-01-18 01:00:00,17.2,84,6.0
2026-01-18 02:00:00,17.0,85,6.0
2026-01-18 03:00:00,16.8,85,6.9
2026-01-18 04:00:00,18.1,79,6.4
2026-01-18 05:00:00,20.8,66,5.1
2026-01-18 06:00:00,22.4,60,5.5
2026-01-18 07:00:00,23.3,56,5.1
2026-01-18 08:00:00,23.7,53,6.8
2026-01-18 09:00:00,23.6,54,8.6
2026-01-18 10:00:00,23.5,56,9.2
2026-01-18 11:00:00,23.3,56,8.7
2026-01-18 12:00:00,22.9,58,10.0
2026-01-18 13:00:00,22.2,66,9.5
2026-01-18 14:00:00,21.9,71,8.0
2026-01-18 15:00:00,21.7,69,7.1
2026-01-18 16:00:00,21.6,68,6.3
2026-01-18 17:00:00,21.4,69,7.7
2026-01-18 18:00:00,21.1,68,6.2
2026-01-18 19:00:00,21.1,68,4.8
2026-01-18 20:00:00,20.2,76,0.5
2026-01-18 21:00:00,19.3,79,1.5
2026-01-18 22:00:00,18.5,80,4.1
2026-01-18 23:00:00,17.3,85,5.0
2026-01-19 00:00:00,16.9,85,3.0
2026-01-19 01:00:00,16.9,85,4.0
2026-01-19 02:00:00,16.5,85,4.8
2026-01-19 03:00:00,16.5,85,4.3
2026-01-19 04:00:00,18.4,76,3.6
2026-01-19 05:00:00,20.9,66,3.2
2026-01-19 06:00:00,22.5,63,3.2
2026-01-19 07:00:00,23.6,55,5.6
2026-01-19 08:00:00,24.1,52,7.7
2026-01-19 09:00:00,24.3,50,9.4
2026-01-19 10:00:00,24.2,50,10.4
2026-01-19 11:00:00,23.4,57,10.7
2026-01-19 12:00:00,22.5,58,9.8
2026-01-19 13:00:00,21.6,66,8.6
2026-01-19 14:00:00,21.2,69,6.7
2026-01-19 15:00:00,21.0,68,6.3
2026-01-19 16:00:00,20.8,64,6.2
2026-01-19 17:00:00,20.2,63,7.4
2026-01-19 18:00:00,19.7,63,6.6
2026-01-19 19:00:00,19.5,62,6.4
2026-01-19 20:00:00,18.9,62,5.0
2026-01-19 21:00:00,18.2,64,3.0
2026-01-19 22:00:00,17.5,67,4.2
2026-01-19 23:00:00,16.9,69,4.0
2026-01-20 00:00:00,15.8,74,3.9
2026-01-20 01:00:00,15.8,74,4.0
2026-01-20 02:00:00,15.6,76,4.1
2026-01-20 03:00:00,15.6,77,5.2
2026-01-20 04:00:00,17.5,68,4.5
2026-01-20 05:00:00,20.6,56,3.5
2026-01-20 06:00:00,22.4,51,2.2
2026-01-20 07:00:00,23.5,44,5.3
2026-01-20 08:00:00,23.9,42,8.5
2026-01-20 09:00:00,24.0,40,10.5
2026-01-20 10:00:00,23.7,39,10.5
2026-01-20 11:00:00,23.2,44,9.8
2026-01-20 12:00:00,22.8,45,8.6
2026-01-20 13:00:00,22.0,52,7.0
2026-01-20 14:00:00,21.4,58,6.0
2026-01-20 15:00:00,21.2,58,5.4
2026-01-20 16:00:00,20.9,59,6.1
2026-01-20 17:00:00,20.5,61,4.5
2026-01-20 18:00:00,19.7,62,3.8
2026-01-20 19:00:00,19.3,64,5.0
2026-01-20 20:00:00,18.0,68,4.8
2026-01-20 21:00:00,17.2,73,5.5
2026-01-20 22:00:00,16.9,74,5.8
2026-01-20 23:00:00,16.6,76,5.5
2026-01-21 00:00:00,15.6,81,5.2
2026-01-21 01:00:00,15.2,83,5.9
2026-01-21 02:00:00,14.9,83,6.6
2026-01-21 03:00:00,15.2,79,6.8
2026-01-21 04:00:00,17.0,69,7.0
2026-01-21 05:00:00,20.1,55,5.3
2026-01-21 06:00:00,21.6,50,2.0
2026-01-21 07:00:00,22.9,44,3.9
2026-01-21 08:00:00,23.5,42,6.7
2026-01-21 09:00:00,23.7,42,7.6
2026-01-21 10:00:00,23.6,43,7.6
2026-01-21 11:00:00,23.2,46,7.2
2026-01-21 12:00:00,22.6,50,8.4
2026-01-21 13:00:00,21.7,55,8.9
2026-01-21 14:00:00,21.0,59,7.7
2026-01-21 15:00:00,20.4,63,7.0
2026-01-21 16:00:00,20.0,64,5.7
2026-01-21 17:00:00,19.7,67,6.7
2026-01-21 18:00:00,19.2,71,4.3
2026-01-21 19:00:00,19.4,72,6.7
2026-01-21 20:00:00,19.0,73,6.5
2026-01-21 21:00:00,18.4,79,2.3
2026-01-21 22:00:00,18.2,79,0.4
2026-01-21 23:00:00,18.1,80,0.4
2026-01-22 00:00:00,16.9,82,3.6
2026-01-22 01:00:00,16.8,83,4.3
2026-01-22 02:00:00,16.6,85,4.9
2026-01-22 03:00:00,17.8,84,5.5
2026-01-22 04:00:00,20.5,79,7.3
2026-01-22 05:00:00,22.2,66,17.6
2026-01-22 06:00:00,23.0,63,20.9
2026-01-22 07:00:00,23.5,58,20.7
2026-01-22 08:00:00,21.6,72,15.4
2026-01-22 09:00:00,19.9,80,23.2
2026-01-22 10:00:00,20.3,81,23.8
2026-01-22 11:00:00,19.2,76,14.5
2026-01-22 12:00:00,19.3,69,9.5
2026-01-22 13:00:00,18.9,59,10.2
2026-01-22 14:00:00,18.6,53,12.2
2026-01-22 15:00:00,17.7,44,15.2
2026-01-22 16:00:00,16.7,45,17.7
2026-01-22 17:00:00,14.8,39,18.0
2026-01-22 18:00:00,14.1,37,17.9
2026-01-22 19:00:00,13.3,38,17.4
2026-01-22 20:00:00,12.8,39,16.1
2026-01-22 21:00:00,12.4,39,16.6
2026-01-22 22:00:00,12.1,41,16.5
2026-01-22 23:00:00,11.5,44,14.3
2026-01-23 00:00:00,10.7,50,13.1
2026-01-23 01:00:00,10.4,51,13.5
2026-01-23 02:00:00,10.0,53,13.5
2026-01-23 03:00:00,9.8,54,14.8
2026-01-23 04:00:00,10.8,51,13.0
2026-01-23 05:00:00,12.9,40,12.8
2026-01-23 06:00:00,14.9,34,11.0
2026-01-23 07:00:00,16.1,29,12.8
2026-01-23 08:00:00,16.8,28,13.3
2026-01-23 09:00:00,17.2,30,11.8
2026-01-23 10:00:00,17.5,29,10.5
2026-01-23 11:00:00,17.1,32,10.9
2026-01-23 12:00:00,16.4,38,10.8
2026-01-23 13:00:00,15.3,46,10.8
2026-01-23 14:00:00,14.5,49,9.7
2026-01-23 15:00:00,14.1,50,6.8
2026-01-23 16:00:00,14.1,50,5.5
2026-01-23 17:00:00,13.6,54,4.2
2026-01-23 18:00:00,12.1,60,3.8
2026-01-23 19:00:00,12.4,58,3.6
2026-01-23 20:00:00,12.2,56,6.1
2026-01-23 21:00:00,11.9,55,5.9
2026-01-23 22:00:00,11.2,57,6.6
2026-01-23 23:00:00,10.6,59,7.8
2026-01-24 00:00:00,9.7,60,8.7
2026-01-24 01:00:00,9.2,56,10.5
2026-01-24 02:00:00,9.9,50,12.2
2026-01-24 03:00:00,10.6,47,12.5
2026-01-24 04:00:00,12.1,45,12.5
2026-01-24 05:00:00,14.3,45,12.2
2026-01-24 06:00:00,16.5,41,12.7
2026-01-24 07:00:00,18.1,28,15.8
2026-01-24 08:00:00,18.9,25,16.5
2026-01-24 09:00:00,19.4,26,16.2
2026-01-24 10:00:00,19.5,26,16.3
2026-01-24 11:00:00,19.4,26,15.7
2026-01-24 12:00:00,18.8,29,15.3
2026-01-24 13:00:00,17.9,32,14.5
2026-01-24 14:00:00,16.9,37,14.7
2026-01-24 15:00:00,16.1,39,14.7
2026-01-24 16:00:00,15.4,41,15.0
2026-01-24 17:00:00,14.7,43,15.3
2026-01-24 18:00:00,14.4,42,16.9
2026-01-24 19:00:00,14.1,42,17.5
2026-01-24 20:00:00,13.8,43,17.5
2026-01-24 21:00:00,13.5,44,17.1
2026-01-24 22:00:00,13.1,45,16.9
2026-01-24 23:00:00,12.8,45,16.6
2026-01-25 00:00:00,12.4,47,16.9
2026-01-25 01:00:00,12.3,47,16.5
2026-01-25 02:00:00,12.1,47,16.4
2026-01-25 03:00:00,11.9,48,16.1
2026-01-25 04:00:00,12.9,46,15.1
2026-01-25 05:00:00,14.4,42,15.4
2026-01-25 06:00:00,16.1,36,17.7
2026-01-25 07:00:00,17.8,29,17.6
2026-01-25 08:00:00,18.8,24,17.2
2026-01-25 09:00:00,19.8,22,16.6
2026-01-25 10:00:00,20.3,21,15.6
2026-01-25 11:00:00,20.4,22,14.4
2026-01-25 12:00:00,19.8,25,13.4
2026-01-25 13:00:00,18.8,29,12.3
2026-01-25 14:00:00,18.0,32,11.9
2026-01-25 15:00:00,17.1,36,12.1
2026-01-25 16:00:00,16.3,40,11.9
2026-01-25 17:00:00,15.5,43,11.8
2026-01-25 18:00:00,15.1,45,13.0
2026-01-25 19:00:00,14.7,46,12.8
2026-01-25 20:00:00,14.4,46,13.7
2026-01-25 21:00:00,14.2,46,13.4
2026-01-25 22:00:00,14.1,46,13.3
2026-01-25 23:00:00,13.9,46,13.4
2026-01-26 00:00:00,13.6,47,13.6
2026-01-26 01:00:00,13.9,46,13.5
2026-01-26 02:00:00,13.8,47,14.0
2026-01-26 03:00:00,14.2,45,13.6
2026-01-26 04:00:00,15.3,43,11.6
2026-01-26 05:00:00,17.0,39,12.9
2026-01-26 06:00:00,18.3,36,15.6
2026-01-26 07:00:00,19.5,31,14.9
2026-01-26 08:00:00,19.8,28,11.8
2026-01-26 09:00:00,21.3,25,9.3
2026-01-26 10:00:00,21.6,25,7.6
2026-01-26 11:00:00,21.5,25,6.8
2026-01-26 12:00:00,21.3,25,5.6
2026-01-26 13:00:00,20.5,26,6.0
2026-01-26 14:00:00,19.6,28,7.9
2026-01-26 15:00:00,18.7,32,10.6
2026-01-26 16:00:00,17.3,37,11.2
2026-01-26 17:00:00,16.1,41,11.2
2026-01-26 18:00:00,15.9,42,11.3
2026-01-26 19:00:00,15.9,41,9.3
2026-01-26 20:00:00,15.6,40,10.8
2026-01-26 21:00:00,15.7,39,9.9
2026-01-26 22:00:00,15.6,39,10.4
2026-01-26 23:00:00,15.3,41,10.9
2026-01-27 00:00:00,15.1,43,11.5
2026-01-27 01:00:00,14.1,49,10.4
2026-01-27 02:00:00,13.5,51,9.4
2026-01-27 03:00:00,13.4,51,9.2
2026-01-27 04:00:00,14.5,47,6.4
2026-01-27 05:00:00,16.8,41,5.0
2026-01-27 06:00:00,19.5,32,4.4
2026-01-27 07:00:00,21.0,25,4.5
2026-01-27 08:00:00,22.1,23,6.2
2026-01-27 09:00:00,22.6,22,9.1
2026-01-27 10:00:00,22.5,24,11.9
2026-01-27 11:00:00,21.9,27,12.6
2026-01-27 12:00:00,21.5,27,11.0
2026-01-27 13:00:00,20.3,33,9.4
2026-01-27 14:00:00,19.1,43,8.3
2026-01-27 15:00:00,18.5,50,6.9
2026-01-27 16:00:00,18.1,53,4.2
2026-01-27 17:00:00,17.4,59,1.3
2026-01-27 18:00:00,16.7,62,0.3
2026-01-27 19:00:00,17.1,62,0.2
2026-01-27 20:00:00,16.8,62,1.7
2026-01-27 21:00:00,17.0,56,4.0
2026-01-27 22:00:00,16.0,59,8.3
2026-01-27 23:00:00,14.9,60,7.3
2026-01-28 00:00:00,14.6,53,8.5
2026-01-28 01:00:00,14.4,53,8.1
2026-01-28 02:00:00,14.0,55,9.1
2026-01-28 03:00:00,13.9,56,9.0
2026-01-28 04:00:00,15.4,52,7.9
2026-01-28 05:00:00,18.1,43,8.3
2026-01-28 06:00:00,20.7,37,9.7
2026-01-28 07:00:00,22.0,34,8.1
2026-01-28 08:00:00,22.9,31,6.7
2026-01-28 09:00:00,23.4,29,7.0
2026-01-28 10:00:00,23.5,29,7.9
2026-01-28 11:00:00,23.1,31,8.8
2026-01-28 12:00:00,22.4,37,10.5
2026-01-28 13:00:00,21.2,41,9.9
2026-01-28 14:00:00,20.3,44,8.5
2026-01-28 15:00:00,19.5,49,7.0
2026-01-28 16:00:00,18.8,54,5.5
2026-01-28 17:00:00,18.0,60,6.3
2026-01-28 18:00:00,17.4,64,5.3
2026-01-28 19:00:00,17.3,65,6.5
2026-01-28 20:00:00,16.6,67,7.2
2026-01-28 21:00:00,16.1,70,7.0
2026-01-28 22:00:00,15.5,70,7.2
2026-01-28 23:00:00,15.4,60,7.2
2026-01-29 00:00:00,15.1,52,8.3
2026-01-29 01:00:00,14.5,53,8.3
2026-01-29 02:00:00,13.9,55,8.6
2026-01-29 03:00:00,13.9,56,8.8
2026-01-29 04:00:00,15.4,51,8.7
2026-01-29 05:00:00,18.3,42,7.4
2026-01-29 06:00:00,20.8,35,8.5
2026-01-29 07:00:00,22.2,30,8.0
2026-01-29 08:00:00,23.0,28,7.6
2026-01-29 09:00:00,23.5,27,7.4
2026-01-29 10:00:00,23.6,27,6.7
2026-01-29 11:00:00,23.6,27,6.1
2026-01-29 12:00:00,23.5,28,7.7
2026-01-29 13:00:00,22.9,29,6.9
2026-01-29 14:00:00,21.9,32,7.1
2026-01-29 15:00:00,21.0,34,9.2
2026-01-29 16:00:00,20.3,38,11.0
2026-01-29 17:00:00,19.5,41,11.6
2026-01-29 18:00:00,18.5,45,11.6
2026-01-29 19:00:00,17.8,49,11.3
2026-01-29 20:00:00,17.1,52,11.6
2026-01-29 21:00:00,16.6,53,11.7
2026-01-29 22:00:00,16.1,55,11.7
2026-01-29 23:00:00,15.9,55,11.8
2026-01-30 00:00:00,15.7,55,11.7
2026-01-30 01:00:00,15.6,55,11.2
2026-01-30 02:00:00,15.4,55,11.0
2026-01-30 03:00:00,15.5,55,10.7
2026-01-30 04:00:00,17.0,50,9.2
2026-01-30 05:00:00,19.5,42,8.6
2026-01-30 06:00:00,21.9,35,8.7
2026-01-30 07:00:00,23.2,29,5.0
2026-01-30 08:00:00,24.0,26,2.6
2026-01-30 09:00:00,24.5,25,1.7
2026-01-30 10:00:00,24.5,26,6.2
2026-01-30 11:00:00,24.3,29,8.7
2026-01-30 12:00:00,23.4,34,10.6
2026-01-30 13:00:00,22.0,38,12.3
2026-01-30 14:00:00,20.8,43,10.5
2026-01-30 15:00:00,19.9,48,10.1
2026-01-30 16:00:00,19.2,51,7.8
2026-01-30 17:00:00,18.8,52,6.7
2026-01-30 18:00:00,18.4,52,5.9
2026-01-30 19:00:00,18.2,47,7.2
2026-01-30 20:00:00,17.6,46,6.9
2026-01-30 21:00:00,16.6,50,7.7
2026-01-30 22:00:00,15.9,54,7.8
2026-01-30 23:00:00,15.5,56,7.8
2026-01-31 00:00:00,15.2,57,8.9
2026-01-31 01:00:00,14.9,58,8.7
2026-01-31 02:00:00,14.8,59,8.2
2026-01-31 03:00:00,14.8,59,8.2
2026-01-31 04:00:00,16.4,53,7.6
2026-01-31 05:00:00,19.5,43,5.0
2026-01-31 06:00:00,22.0,33,4.6
2026-01-31 07:00:00,23.5,29,1.1
2026-01-31 08:00:00,24.5,27,2.5
2026-01-31 09:00:00,24.9,28,7.3
2026-01-31 10:00:00,24.5,36,12.1
2026-01-31 11:00:00,24.1,40,12.7
2026-01-31 12:00:00,23.2,43,12.1
2026-01-31 13:00:00,22.0,51,11.0
2026-01-31 14:00:00,20.9,60,9.0
2026-01-31 15:00:00,20.1,66,7.2
2026-01-31 16:00:00,19.7,70,6.4
2026-01-31 17:00:00,19.3,73,6.6
2026-01-31 18:00:00,18.8,76,5.1
2026-01-31 19:00:00,18.5,77,5.5
2026-01-31 20:00:00,18.1,80,5.5
2026-01-31 21:00:00,17.6,82,5.6
2026-01-31 22:00:00,17.3,83,5.8
2026-01-31 23:00:00,17.1,84,5.4
2026-02-01 00:00:00,16.5,86,5.5
2026-02-01 01:00:00,16.2,85,6.4
2026-02-01 02:00:00,16.1,85,6.7
2026-02-01 03:00:00,16.5,81,6.7
2026-02-01 04:00:00,18.4,71,6.1
2026-02-01 05:00:00,21.1,56,3.9
2026-02-01 06:00:00,22.8,53,1.8
2026-02-01 07:00:00,24.3,46,2.3
2026-02-01 08:00:00,25.1,43,4.6
2026-02-01 09:00:00,25.5,45,8.2
2026-02-01 10:00:00,25.1,55,12.1
2026-02-01 11:00:00,24.5,57,12.7
2026-02-01 12:00:00,23.5,58,10.3
2026-02-01 13:00:00,22.9,62,8.1
2026-02-01 14:00:00,21.8,71,7.8
2026-02-01 15:00:00,21.1,77,7.5
2026-02-01 16:00:00,20.8,79,7.1
2026-02-01 17:00:00,20.4,83,6.8
2026-02-01 18:00:00,19.8,84,6.2
2026-02-01 19:00:00,19.5,83,8.5
2026-02-01 20:00:00,19.1,80,8.5
2026-02-01 21:00:00,18.8,76,8.4
2026-02-01 22:00:00,18.3,72,8.6
2026-02-01 23:00:00,17.6,68,8.4
2026-02-02 00:00:00,17.0,69,8.3
2026-02-02 01:00:00,17.0,64,8.7
2026-02-02 02:00:00,17.0,63,9.1
2026-02-02 03:00:00,17.4,61,9.6
2026-02-02 04:00:00,19.5,53,8.9
2026-02-02 05:00:00,22.5,42,8.6
2026-02-02 06:00:00,25.0,33,10.6
2026-02-02 07:00:00,26.5,28,9.2
2026-02-02 08:00:00,27.2,26,7.0
2026-02-02 09:00:00,27.5,25,5.5
2026-02-02 10:00:00,27.5,25,3.4
2026-02-02 11:00:00,27.1,26,4.6
2026-02-02 12:00:00,25.5,43,11.5
2026-02-02 13:00:00,24.7,45,11.2
2026-02-02 14:00:00,23.7,47,8.7
2026-02-02 15:00:00,23.1,49,5.5
2026-02-02 16:00:00,22.6,53,4.1
2026-02-02 17:00:00,22.1,49,6.0
2026-02-02 18:00:00,21.5,43,5.6
2026-02-02 19:00:00,21.0,43,7.3
2026-02-02 20:00:00,20.2,47,7.9
2026-02-02 21:00:00,19.5,50,8.6
2026-02-02 22:00:00,19.0,52,9.1
2026-02-02 23:00:00,18.5,54,9.7
2026-02-03 00:00:00,18.2,55,9.2
2026-02-03 01:00:00,17.9,56,8.8
2026-02-03 02:00:00,17.5,57,9.3
2026-02-03 03:00:00,17.7,57,9.5
2026-02-03 04:00:00,19.5,51,8.0
2026-02-03 05:00:00,22.2,42,7.3
2026-02-03 06:00:00,24.9,34,9.6
2026-02-03 07:00:00,26.4,28,9.0
2026-02-03 08:00:00,27.3,25,6.9
2026-02-03 09:00:00,27.7,24,4.9
2026-02-03 10:00:00,27.9,23,5.6
2026-02-03 11:00:00,27.6,25,7.2
2026-02-03 12:00:00,26.1,36,10.5
2026-02-03 13:00:00,24.8,39,10.1
2026-02-03 14:00:00,23.7,40,7.8
2026-02-03 15:00:00,22.9,44,7.7
2026-02-03 16:00:00,22.1,50,8.1
2026-02-03 17:00:00,21.9,51,8.5
2026-02-03 18:00:00,21.6,50,7.8
2026-02-03 19:00:00,21.0,47,9.0
2026-02-03 20:00:00,20.6,44,6.7
2026-02-03 21:00:00,20.1,44,5.9
2026-02-03 22:00:00,19.4,46,7.1
2026-02-03 23:00:00,18.6,49,8.6
2026-02-04 00:00:00,18.3,51,8.1
2026-02-04 01:00:00,18.0,52,8.4
2026-02-04 02:00:00,17.9,53,9.4
2026-02-04 03:00:00,18.4,51,11.0
2026-02-04 04:00:00,20.5,46,11.6
2026-02-04 05:00:00,23.6,39,11.1
2026-02-04 06:00:00,26.2,30,14.0
2026-02-04 07:00:00,27.5,23,15.1
2026-02-04 08:00:00,28.1,21,14.5
2026-02-04 09:00:00,28.5,19,13.5
2026-02-04 10:00:00,28.7,18,13.1
2026-02-04 11:00:00,28.6,18,13.0
2026-02-04 12:00:00,28.1,19,13.4
2026-02-04 13:00:00,27.4,20,11.1
2026-02-04 14:00:00,26.4,23,10.8
2026-02-04 15:00:00,25.2,27,12.0
2026-02-04 16:00:00,24.1,32,13.4
2026-02-04 17:00:00,23.2,36,14.3
2026-02-04 18:00:00,22.5,39,13.9
2026-02-04 19:00:00,22.0,40,13.5
2026-02-04 20:00:00,21.5,42,14.1
2026-02-04 21:00:00,21.2,42,14.2
2026-02-04 22:00:00,20.8,43,14.0
2026-02-04 23:00:00,20.5,42,14.0
2026-02-05 00:00:00,20.1,43,14.1
2026-02-05 01:00:00,19.8,43,13.9
2026-02-05 02:00:00,19.5,44,13.1
2026-02-05 03:00:00,19.5,44,13.2
2026-02-05 04:00:00,20.8,41,12.2
2026-02-05 05:00:00,23.0,35,12.2
2026-02-05 06:00:00,25.3,29,13.4
2026-02-05 07:00:00,27.0,24,12.6
2026-02-05 08:00:00,28.1,21,11.2
2026-02-05 09:00:00,28.7,20,9.9
2026-02-05 10:00:00,28.9,20,9.0
2026-02-05 11:00:00,28.6,20,8.9
2026-02-05 12:00:00,28.0,21,8.8
2026-02-05 13:00:00,27.2,24,7.0
2026-02-05 14:00:00,25.7,28,3.2
2026-02-05 15:00:00,24.5,30,4.2
2026-02-05 16:00:00,23.5,33,6.5
2026-02-05 17:00:00,22.5,35,7.7
2026-02-05 18:00:00,21.8,34,6.3
2026-02-05 19:00:00,21.4,35,8.2
2026-02-05 20:00:00,20.5,37,8.8
2026-02-05 21:00:00,19.6,40,8.3
2026-02-05 22:00:00,18.8,44,7.4
2026-02-05 23:00:00,17.9,47,7.2
2026-02-06 00:00:00,17.5,50,6.6
2026-02-06 01:00:00,17.3,51,7.3
2026-02-06 02:00:00,17.1,51,7.5
2026-02-06 03:00:00,17.4,50,7.6
2026-02-06 04:00:00,19.5,44,7.1
2026-02-06 05:00:00,22.8,35,4.6
2026-02-06 06:00:00,25.4,28,2.9
2026-02-06 07:00:00,26.9,24,1.5
2026-02-06 08:00:00,27.6,22,4.4
2026-02-06 09:00:00,27.9,24,10.0
2026-02-06 10:00:00,27.2,31,13.4
2026-02-06 11:00:00,27.1,28,12.2
2026-02-06 12:00:00,26.4,29,11.7
2026-02-06 13:00:00,25.0,36,9.2
2026-02-06 14:00:00,23.4,51,7.8
2026-02-06 15:00:00,22.1,65,8.1
2026-02-06 16:00:00,21.6,69,9.8
2026-02-06 17:00:00,21.2,70,9.2
2026-02-06 18:00:00,20.5,77,7.5
2026-02-06 19:00:00,20.2,80,7.3
2026-02-06 20:00:00,20.0,81,9.5
2026-02-06 21:00:00,19.8,81,8.9
2026-02-06 22:00:00,19.2,87,8.4
2026-02-06 23:00:00,18.8,90,8.3
2026-02-07 00:00:00,18.6,84,7.1
2026-02-07 01:00:00,18.0,84,5.9
2026-02-07 02:00:00,17.2,86,3.8
2026-02-07 03:00:00,16.9,85,4.2
2026-02-07 04:00:00,19.3,72,4.0
2026-02-07 05:00:00,22.5,58,2.8
2026-02-07 06:00:00,25.0,51,2.3
2026-02-07 07:00:00,26.8,42,3.6
2026-02-07 08:00:00,27.2,46,7.4
2026-02-07 09:00:00,27.0,54,10.8
2026-02-07 10:00:00,26.9,49,12.1
2026-02-07 11:00:00,26.4,47,11.3
2026-02-07 12:00:00,25.5,52,9.5
2026-02-07 13:00:00,24.0,68,9.9
2026-02-07 14:00:00,22.5,79,8.3
2026-02-07 15:00:00,21.9,84,7.8
2026-02-07 16:00:00,21.4,88,6.0
2026-02-07 17:00:00,20.9,90,4.4
2026-02-07 18:00:00,20.2,92,4.6
2026-02-07 19:00:00,20.1,91,5.1
2026-02-07 20:00:00,19.5,94,4.8
2026-02-07 21:00:00,19.0,93,5.9
2026-02-07 22:00:00,18.8,91,4.8
2026-02-07 23:00:00,18.1,92,4.8
2026-02-08 00:00:00,17.2,95,4.0
2026-02-08 01:00:00,17.0,92,5.2
2026-02-08 02:00:00,16.9,89,5.4
2026-02-08 03:00:00,17.1,84,5.0
2026-02-08 04:00:00,18.9,73,3.6
2026-02-08 05:00:00,21.5,63,2.5
2026-02-08 06:00:00,24.1,49,0.2
2026-02-08 07:00:00,26.0,39,3.5
2026-02-08 08:00:00,26.5,40,7.7
2026-02-08 09:00:00,26.5,42,10.0
2026-02-08 10:00:00,26.4,41,10.4
2026-02-08 11:00:00,25.9,41,10.2
2026-02-08 12:00:00,25.0,46,10.0
2026-02-08 13:00:00,23.5,55,9.2
2026-02-08 14:00:00,22.1,73,7.4
2026-02-08 15:00:00,21.2,84,6.8
2026-02-08 16:00:00,20.7,89,8.2
2026-02-08 17:00:00,20.4,92,10.2
2026-02-08 18:00:00,20.4,91,10.8
2026-02-08 19:00:00,20.4,90,9.8
2026-02-08 20:00:00,20.1,89,9.0
2026-02-08 21:00:00,20.0,89,8.0
2026-02-08 22:00:00,19.5,90,8.4
2026-02-08 23:00:00,19.4,90,7.3
2026-02-09 00:00:00,18.6,94,4.4
2026-02-09 01:00:00,18.8,93,4.9
2026-02-09 02:00:00,18.8,92,5.4
2026-02-09 03:00:00,19.5,87,7.6
2026-02-09 04:00:00,21.5,78,7.2
2026-02-09 05:00:00,23.5,61,12.1
2026-02-09 06:00:00,25.0,55,14.4
2026-02-09 07:00:00,25.4,54,15.7
2026-02-09 08:00:00,25.5,53,16.0
2026-02-09 09:00:00,25.6,52,16.2
2026-02-09 10:00:00,25.4,53,15.9
2026-02-09 11:00:00,24.9,57,15.2
2026-02-09 12:00:00,24.4,61,14.1
2026-02-09 13:00:00,23.5,69,12.7
2026-02-09 14:00:00,22.6,74,11.0
2026-02-09 15:00:00,22.2,78,10.3
2026-02-09 16:00:00,22.1,80,11.9
2026-02-09 17:00:00,21.9,83,12.5
2026-02-09 18:00:00,21.9,82,11.8
2026-02-09 19:00:00,21.6,84,10.0
2026-02-09 20:00:00,21.3,87,9.2
2026-02-09 21:00:00,21.1,89,9.1
2026-02-09 22:00:00,21.0,91,9.2
2026-02-09 23:00:00,20.9,92,8.6
2026-02-10 00:00:00,20.0,90,7.3
2026-02-10 01:00:00,19.6,87,7.2
2026-02-10 02:00:00,19.8,85,6.1
2026-02-10 03:00:00,20.3,83,6.0
2026-02-10 04:00:00,21.8,77,3.4
2026-02-10 05:00:00,23.8,68,4.1
2026-02-10 06:00:00,25.0,60,5.0
2026-02-10 07:00:00,26.1,51,5.6
2026-02-10 08:00:00,26.8,48,7.5
2026-02-10 09:00:00,27.0,49,9.6
2026-02-10 10:00:00,26.3,55,12.3
2026-02-10 11:00:00,25.6,57,13.5
2026-02-10 12:00:00,24.6,60,13.0
2026-02-10 13:00:00,23.9,68,11.2
2026-02-10 14:00:00,23.0,77,10.5
2026-02-10 15:00:00,22.5,81,6.9
2026-02-10 16:00:00,22.1,84,4.3
2026-02-10 17:00:00,21.9,85,3.8
2026-02-10 18:00:00,21.1,89,1.9
2026-02-10 19:00:00,21.4,86,5.1
2026-02-10 20:00:00,21.0,87,5.5
2026-02-10 21:00:00,20.5,89,6.9
2026-02-10 22:00:00,20.1,88,7.9
2026-02-10 23:00:00,19.9,78,8.4
2026-02-11 00:00:00,19.5,68,8.0
2026-02-11 01:00:00,19.4,61,9.0
2026-02-11 02:00:00,19.4,59,9.2
2026-02-11 03:00:00,19.8,55,9.8
2026-02-11 04:00:00,21.7,48,9.4
2026-02-11 05:00:00,23.6,43,10.6
2026-02-11 06:00:00,25.4,39,14.2
2026-02-11 07:00:00,27.2,32,16.1
2026-02-11 08:00:00,28.2,28,16.5
2026-02-11 09:00:00,28.9,25,16.1
2026-02-11 10:00:00,29.2,23,15.5
2026-02-11 11:00:00,29.1,22,15.3
2026-02-11 12:00:00,28.7,24,14.1
2026-02-11 13:00:00,28.0,26,13.1
2026-02-11 14:00:00,27.0,30,13.4
2026-02-11 15:00:00,25.9,35,13.3
2026-02-11 16:00:00,24.9,40,12.6
2026-02-11 17:00:00,23.9,44,11.8
2026-02-11 18:00:00,23.1,46,10.3
2026-02-11 19:00:00,22.5,48,10.7
2026-02-11 20:00:00,21.9,48,10.6
2026-02-11 21:00:00,21.6,48,10.5
2026-02-11 22:00:00,21.2,49,10.5
2026-02-11 23:00:00,20.5,51,10.5
2026-02-12 00:00:00,19.7,55,10.4
2026-02-12 01:00:00,19.3,57,10.1
2026-02-12 02:00:00,19.0,58,9.4
2026-02-12 03:00:00,19.1,57,9.5
2026-02-12 04:00:00,20.8,52,8.0
2026-02-12 05:00:00,23.8,42,7.9
2026-02-12 06:00:00,26.5,34,8.9
2026-02-12 07:00:00,28.2,25,7.5
2026-02-12 08:00:00,29.3,21,4.8
2026-02-12 09:00:00,29.5,20,2.8
2026-02-12 10:00:00,29.5,23,7.3
2026-02-12 11:00:00,29.4,24,9.8
2026-02-12 12:00:00,28.2,28,12.4
2026-02-12 13:00:00,26.2,38,13.0
2026-02-12 14:00:00,24.2,48,10.3
2026-02-12 15:00:00,23.3,55,7.5
2026-02-12 16:00:00,22.7,60,6.1
2026-02-12 17:00:00,22.1,62,6.7
2026-02-12 18:00:00,21.5,66,7.3
2026-02-12 19:00:00,21.2,69,8.6
2026-02-12 20:00:00,20.9,73,9.3
2026-02-12 21:00:00,20.5,75,9.8
2026-02-12 22:00:00,20.1,77,9.7
2026-02-12 23:00:00,19.9,78,7.6
2026-02-13 00:00:00,19.0,79,4.5
2026-02-13 01:00:00,18.5,81,5.2
2026-02-13 02:00:00,17.9,86,2.4
2026-02-13 03:00:00,18.0,83,2.5
2026-02-13 04:00:00,20.4,73,1.4
2026-02-13 05:00:00,23.0,64,0.3
2026-02-13 06:00:00,25.1,55,2.9
2026-02-13 07:00:00,26.7,49,6.0
2026-02-13 08:00:00,27.0,54,10.6
2026-02-13 09:00:00,27.0,53,13.1
2026-02-13 10:00:00,27.0,48,12.8
2026-02-13 11:00:00,26.6,48,12.6
2026-02-13 12:00:00,25.8,52,12.2
2026-02-13 13:00:00,24.5,63,10.6
2026-02-13 14:00:00,23.0,74,9.1
2026-02-13 15:00:00,22.3,80,7.7
2026-02-13 16:00:00,21.8,81,6.9
2026-02-13 17:00:00,21.5,81,6.5
2026-02-13 18:00:00,20.9,82,6.0
2026-02-13 19:00:00,20.7,83,7.9
2026-02-13 20:00:00,20.4,83,8.2
2026-02-13 21:00:00,20.0,81,7.3
2026-02-13 22:00:00,19.5,84,6.1
2026-02-13 23:00:00,18.9,88,5.4
2026-02-14 00:00:00,17.9,92,4.0
2026-02-14 01:00:00,17.5,95,5.2
2026-02-14 02:00:00,16.9,97,4.2
2026-02-14 03:00:00,16.9,97,2.5
2026-02-14 04:00:00,19.5,87,0.6
2026-02-14 05:00:00,22.2,81,1.3
2026-02-14 06:00:00,24.5,70,4.8
2026-02-14 07:00:00,26.1,62,7.7
2026-02-14 08:00:00,27.0,55,9.7
2026-02-14 09:00:00,27.5,50,10.7
2026-02-14 10:00:00,27.5,48,11.7
2026-02-14 11:00:00,27.0,51,11.6
2026-02-14 12:00:00,25.6,58,10.4
2026-02-14 13:00:00,24.2,66,9.4
2026-02-14 14:00:00,22.9,76,8.1
2026-02-14 15:00:00,22.0,84,5.9
2026-02-14 16:00:00,21.5,90,6.5
2026-02-14 17:00:00,20.9,94,6.1
2026-02-14 18:00:00,20.3,95,5.1
2026-02-14 19:00:00,20.1,95,6.6
2026-02-14 20:00:00,19.9,97,8.3
2026-02-14 21:00:00,19.6,97,8.6
2026-02-14 22:00:00,19.7,99,8.7
2026-02-14 23:00:00,19.8,100,7.7
2026-02-15 00:00:00,19.4,98,4.9
2026-02-15 01:00:00,19.0,98,3.8
2026-02-15 02:00:00,18.6,99,3.5
2026-02-15 03:00:00,18.6,99,2.8
2026-02-15 04:00:00,19.2,98,2.7
2026-02-15 05:00:00,21.2,88,4.3
2026-02-15 06:00:00,23.6,75,4.9
2026-02-15 07:00:00,25.6,65,6.4
2026-02-15 08:00:00,26.7,60,9.5
2026-02-15 09:00:00,26.9,60,11.6
2026-02-15 10:00:00,26.5,60,12.0
2026-02-15 11:00:00,25.9,63,11.8
2026-02-15 12:00:00,24.4,70,10.9
2026-02-15 13:00:00,23.2,77,10.2
2026-02-15 14:00:00,22.5,82,8.7
2026-02-15 15:00:00,22.1,85,8.0
2026-02-15 16:00:00,21.8,87,7.6
2026-02-15 17:00:00,21.5,88,6.8
2026-02-15 18:00:00,21.2,91,6.7
2026-02-15 19:00:00,21.2,91,7.4
2026-02-15 20:00:00,21.0,91,6.5
2026-02-15 21:00:00,20.8,91,6.3
2026-02-15 22:00:00,20.7,91,5.9
2026-02-15 23:00:00,20.8,91,6.0
2026-02-16 00:00:00,20.4,90,6.7
2026-02-16 01:00:00,20.5,87,8.0
2026-02-16 02:00:00,20.5,86,7.4
2026-02-16 03:00:00,21.0,84,7.2
2026-02-16 04:00:00,22.6,76,8.7
2026-02-16 05:00:00,23.7,69,9.6
2026-02-16 06:00:00,24.6,62,11.0
2026-02-16 07:00:00,25.3,59,13.3
2026-02-16 08:00:00,25.5,58,15.1
2026-02-16 09:00:00,25.4,58,15.1
2026-02-16 10:00:00,25.1,57,14.8
2026-02-16 11:00:00,24.9,58,14.3
2026-02-16 12:00:00,24.0,64,13.0
2026-02-16 13:00:00,23.1,69,12.6
2026-02-16 14:00:00,22.6,72,11.5
2026-02-16 15:00:00,22.4,75,10.7
2026-02-16 16:00:00,22.1,76,8.2
2026-02-16 17:00:00,21.9,79,8.6
2026-02-16 18:00:00,21.6,80,10.9
2026-02-16 19:00:00,21.6,80,10.4
2026-02-16 20:00:00,21.4,82,10.0
2026-02-16 21:00:00,21.1,84,7.5
2026-02-16 22:00:00,20.7,86,4.8
2026-02-16 23:00:00,20.5,87,5.4
2026-02-17 00:00:00,19.9,89,0.3
2026-02-17 01:00:00,20.1,87,2.8
2026-02-17 02:00:00,19.8,89,5.3
2026-02-17 03:00:00,19.8,88,6.4
2026-02-17 04:00:00,21.0,82,4.9
2026-02-17 05:00:00,22.6,72,4.5
2026-02-17 06:00:00,23.0,66,5.3
2026-02-17 07:00:00,24.4,58,5.2
2026-02-17 08:00:00,25.0,55,7.1
2026-02-17 09:00:00,25.1,55,8.7
2026-02-17 10:00:00,24.2,58,6.1
2026-02-17 11:00:00,24.2,56,8.7
2026-02-17 12:00:00,23.1,66,7.9
2026-02-17 13:00:00,22.4,72,7.6
2026-02-17 14:00:00,21.6,77,6.6
2026-02-17 15:00:00,21.2,81,3.8
2026-02-17 16:00:00,21.4,79,1.9
2026-02-17 17:00:00,21.2,80,2.1
2026-02-17 18:00:00,20.5,80,2.5
2026-02-17 19:00:00,20.7,70,6.2
2026-02-17 20:00:00,19.9,65,7.5
2026-02-17 21:00:00,19.2,65,9.0
2026-02-17 22:00:00,18.8,66,9.2
2026-02-17 23:00:00,18.5,66,8.6
2026-02-18 00:00:00,18.1,67,9.4
2026-02-18 01:00:00,17.7,68,9.5
2026-02-18 02:00:00,17.5,68,8.4
2026-02-18 03:00:00,17.9,67,7.6
2026-02-18 04:00:00,19.6,60,5.3
2026-02-18 05:00:00,21.9,51,5.0
2026-02-18 06:00:00,24.0,46,4.7
2026-02-18 07:00:00,25.5,39,3.1
2026-02-18 08:00:00,26.5,36,4.0
2026-02-18 09:00:00,26.5,40,10.2
2026-02-18 10:00:00,25.8,48,15.3
2026-02-18 11:00:00,24.8,46,16.3
2026-02-18 12:00:00,24.8,46,15.2
2026-02-18 13:00:00,23.8,48,12.6
2026-02-18 14:00:00,23.0,53,10.9
2026-02-18 15:00:00,22.5,59,9.6
2026-02-18 16:00:00,22.0,64,7.9
2026-02-18 17:00:00,21.5,66,9.0
2026-02-18 18:00:00,21.1,70,6.1
2026-02-18 19:00:00,21.1,68,6.4
2026-02-18 20:00:00,20.7,70,7.4
2026-02-18 21:00:00,20.2,68,8.6
2026-02-18 22:00:00,20.0,59,8.6
2026-02-18 23:00:00,20.1,52,9.7
2026-02-19 00:00:00,20.6,49,11.0
2026-02-19 01:00:00,20.4,49,10.5
2026-02-19 02:00:00,20.3,51,10.6
2026-02-19 03:00:00,21.1,49,11.8
2026-02-19 04:00:00,23.2,43,10.9
2026-02-19 05:00:00,25.9,36,12.3
2026-02-19 06:00:00,27.9,31,13.2
2026-02-19 07:00:00,28.8,26,14.8
2026-02-19 08:00:00,29.5,23,15.6
2026-02-19 09:00:00,29.9,21,17.2
2026-02-19 10:00:00,30.0,21,17.7
2026-02-19 11:00:00,29.9,21,17.5
2026-02-19 12:00:00,29.5,22,17.1
2026-02-19 13:00:00,28.5,26,15.5
2026-02-19 14:00:00,27.6,28,12.9
2026-02-19 15:00:00,26.8,31,12.1
2026-02-19 16:00:00,26.0,34,9.8
2026-02-19 17:00:00,24.9,37,11.1
2026-02-19 18:00:00,24.2,38,12.3
2026-02-19 19:00:00,24.4,36,12.7
2026-02-19 20:00:00,24.1,36,13.1
2026-02-19 21:00:00,23.7,37,12.9
2026-02-19 22:00:00,23.3,38,13.1
2026-02-19 23:00:00,22.9,40,13.0
2026-02-20 00:00:00,22.3,42,12.8
2026-02-20 01:00:00,22.0,43,11.9
2026-02-20 02:00:00,21.6,44,11.4
2026-02-20 03:00:00,22.0,43,12.0
2026-02-20 04:00:00,23.8,39,10.4
2026-02-20 05:00:00,26.4,34,12.9
2026-02-20 06:00:00,28.6,27,17.1
2026-02-20 07:00:00,29.4,24,16.9
2026-02-20 08:00:00,30.0,23,14.5
2026-02-20 09:00:00,30.5,22,13.6
2026-02-20 10:00:00,30.6,22,13.4
2026-02-20 11:00:00,30.4,22,13.7
2026-02-20 12:00:00,29.8,23,13.7
2026-02-20 13:00:00,28.9,25,13.8
2026-02-20 14:00:00,27.8,30,12.5
2026-02-20 15:00:00,27.1,33,11.1
2026-02-20 16:00:00,26.3,35,12.5
2026-02-20 17:00:00,25.3,37,12.5
2026-02-20 18:00:00,24.5,40,11.1
2026-02-20 19:00:00,24.0,41,11.7
2026-02-20 20:00:00,23.4,42,11.8
2026-02-20 21:00:00,23.0,43,11.2
2026-02-20 22:00:00,22.7,43,11.7
2026-02-20 23:00:00,22.5,43,11.9
2026-02-21 00:00:00,22.3,45,12.2
2026-02-21 01:00:00,22.1,45,11.9
2026-02-21 02:00:00,21.8,46,11.4
2026-02-21 03:00:00,22.4,45,11.3
2026-02-21 04:00:00,24.4,40,8.6
2026-02-21 05:00:00,27.1,34,8.1
2026-02-21 06:00:00,29.0,29,5.4
2026-02-21 07:00:00,29.8,25,3.6
2026-02-21 08:00:00,30.1,26,8.1
2026-02-21 09:00:00,30.3,28,12.7
2026-02-21 10:00:00,29.8,32,16.0
2026-02-21 11:00:00,29.6,27,15.6
2026-02-21 12:00:00,28.9,26,13.9
2026-02-21 13:00:00,27.8,30,11.4
2026-02-21 14:00:00,26.2,38,8.9
2026-02-21 15:00:00,25.2,42,8.8
2026-02-21 16:00:00,24.5,44,8.8
2026-02-21 17:00:00,24.0,46,9.2
2026-02-21 18:00:00,23.2,53,9.2
2026-02-21 19:00:00,22.6,60,9.4
2026-02-21 20:00:00,21.9,68,10.6
2026-02-21 21:00:00,21.5,73,9.9
2026-02-21 22:00:00,21.2,77,8.7
2026-02-21 23:00:00,21.0,80,7.2
2026-02-22 00:00:00,20.4,84,5.8
2026-02-22 01:00:00,20.6,85,7.0
2026-02-22 02:00:00,20.8,87,7.7
2026-02-22 03:00:00,21.3,87,8.2
2026-02-22 04:00:00,23.2,77,8.1
2026-02-22 05:00:00,25.0,63,10.1
2026-02-22 06:00:00,26.9,52,12.5
2026-02-22 07:00:00,27.5,48,13.9
2026-02-22 08:00:00,27.8,47,14.4
2026-02-22 09:00:00,27.9,46,14.7
2026-02-22 10:00:00,27.7,46,14.2
2026-02-22 11:00:00,27.0,52,13.4
2026-02-22 12:00:00,25.9,58,11.5
2026-02-22 13:00:00,24.9,66,9.6
2026-02-22 14:00:00,23.8,74,7.4
2026-02-22 15:00:00,23.1,80,6.4
2026-02-22 16:00:00,22.7,84,8.2
2026-02-22 17:00:00,22.4,86,8.5
2026-02-22 18:00:00,22.0,87,7.0
2026-02-22 19:00:00,21.9,87,7.7
2026-02-22 20:00:00,21.5,89,7.2
2026-02-22 21:00:00,21.2,90,6.5
2026-02-22 22:00:00,21.1,91,7.1
2026-02-22 23:00:00,20.9,92,7.5
2026-02-23 00:00:00,20.4,91,6.4
2026-02-23 01:00:00,20.4,92,6.7
2026-02-23 02:00:00,20.0,94,6.1
2026-02-23 03:00:00,20.3,93,5.3
2026-02-23 04:00:00,21.9,88,3.7
2026-02-23 05:00:00,24.4,73,7.8
2026-02-23 06:00:00,26.5,58,7.4
2026-02-23 07:00:00,28.0,47,8.9
2026-02-23 08:00:00,28.6,43,10.5
2026-02-23 09:00:00,28.8,42,11.2
2026-02-23 10:00:00,28.5,44,11.0
2026-02-23 11:00:00,27.9,48,10.1
2026-02-23 12:00:00,26.9,54,11.5
2026-02-23 13:00:00,25.2,63,10.3
2026-02-23 14:00:00,23.6,75,8.6
2026-02-23 15:00:00,23.0,81,6.6
2026-02-23 16:00:00,22.7,85,7.8
2026-02-23 17:00:00,22.2,89,8.3
2026-02-23 18:00:00,21.9,92,3.4
2026-02-23 19:00:00,21.6,93,4.6
2026-02-23 20:00:00,21.1,95,5.8
2026-02-23 21:00:00,20.6,96,6.8
2026-02-23 22:00:00,20.2,97,6.1
2026-02-23 23:00:00,20.0,97,7.2
2026-02-24 00:00:00,19.6,98,7.6
2026-02-24 01:00:00,19.4,100,8.0
2026-02-24 02:00:00,19.1,100,8.2
2026-02-24 03:00:00,19.1,99,8.2
2026-02-24 04:00:00,20.2,91,4.9
2026-02-24 05:00:00,23.6,69,2.2
2026-02-24 06:00:00,26.9,52,2.0
2026-02-24 07:00:00,28.8,40,5.6
2026-02-24 08:00:00,29.5,39,7.6
2026-02-24 09:00:00,30.0,38,9.8
2026-02-24 10:00:00,29.8,38,11.2
2026-02-24 11:00:00,29.0,39,12.9
2026-02-24 12:00:00,28.0,41,13.0
2026-02-24 13:00:00,26.8,51,10.0
2026-02-24 14:00:00,25.7,56,7.8
2026-02-24 15:00:00,24.9,61,8.4
2026-02-24 16:00:00,24.1,62,7.0
2026-02-24 17:00:00,23.8,61,5.6
2026-02-24 18:00:00,23.0,70,4.5
2026-02-24 19:00:00,22.5,68,6.7
2026-02-24 20:00:00,21.9,71,7.2
2026-02-24 21:00:00,21.5,76,6.8
2026-02-24 22:00:00,21.0,81,7.5
2026-02-24 23:00:00,20.5,83,5.6
2026-02-25 00:00:00,20.0,87,1.9
2026-02-25 01:00:00,19.9,87,3.4
2026-02-25 02:00:00,19.4,85,6.2
2026-02-25 03:00:00,20.2,73,5.4
2026-02-25 04:00:00,23.1,55,3.1
2026-02-25 05:00:00,26.4,39,2.4
2026-02-25 06:00:00,28.2,37,3.6
2026-02-25 07:00:00,29.1,43,7.3
2026-02-25 08:00:00,28.5,59,11.5
2026-02-25 09:00:00,28.6,54,12.8
2026-02-25 10:00:00,28.8,48,12.3
2026-02-25 11:00:00,28.1,52,13.4
2026-02-25 12:00:00,27.1,50,13.9
2026-02-25 13:00:00,26.0,58,12.6
2026-02-25 14:00:00,24.6,71,10.1
2026-02-25 15:00:00,24.1,74,9.5
2026-02-25 16:00:00,23.8,75,8.5
2026-02-25 17:00:00,23.5,75,5.4
2026-02-25 18:00:00,23.2,78,5.0
2026-02-25 19:00:00,22.6,83,6.4
2026-02-25 20:00:00,22.0,88,7.0
2026-02-25 21:00:00,21.7,91,5.1
2026-02-25 22:00:00,21.2,95,5.3
2026-02-25 23:00:00,20.9,96,7.5
2026-02-26 00:00:00,20.7,94,6.0
2026-02-26 01:00:00,20.5,93,4.6
2026-02-26 02:00:00,19.6,96,4.5
2026-02-26 03:00:00,19.8,93,6.6
2026-02-26 04:00:00,22.5,76,1.4
2026-02-26 05:00:00,24.5,71,5.8
2026-02-26 06:00:00,27.0,59,6.1
2026-02-26 07:00:00,28.6,55,8.3
2026-02-26 08:00:00,29.4,55,10.8
2026-02-26 09:00:00,30.0,51,12.4
2026-02-26 10:00:00,30.1,48,14.6
2026-02-26 11:00:00,29.8,44,14.3
2026-02-26 12:00:00,29.4,37,13.0
2026-02-26 13:00:00,27.9,43,12.4
2026-02-26 14:00:00,26.0,52,10.7
2026-02-26 15:00:00,25.1,58,10.5
2026-02-26 16:00:00,24.5,64,11.7
2026-02-26 17:00:00,24.2,64,12.8
2026-02-26 18:00:00,24.0,64,13.1
2026-02-26 19:00:00,23.9,63,13.1
2026-02-26 20:00:00,23.6,59,13.0
2026-02-26 21:00:00,23.1,60,12.3
2026-02-26 22:00:00,22.8,63,11.5
2026-02-26 23:00:00,22.3,74,11.8
2026-02-27 00:00:00,21.8,84,12.1
2026-02-27 01:00:00,21.5,89,11.2
2026-02-27 02:00:00,21.4,92,10.5
2026-02-27 03:00:00,22.1,90,9.4
2026-02-27 04:00:00,23.9,80,9.6
2026-02-27 05:00:00,25.9,63,9.7
2026-02-27 06:00:00,27.1,54,11.4
2026-02-27 07:00:00,27.5,55,14.4
2026-02-27 08:00:00,27.5,54,15.3
2026-02-27 09:00:00,27.5,54,15.6
2026-02-27 10:00:00,27.2,55,15.4
2026-02-27 11:00:00,26.6,59,15.3
2026-02-27 12:00:00,25.8,63,14.1
2026-02-27 13:00:00,24.8,72,12.5
2026-02-27 14:00:00,23.9,80,10.5
2026-02-27 15:00:00,23.6,82,10.2
2026-02-27 16:00:00,23.3,84,10.1
2026-02-27 17:00:00,23.0,85,9.6
2026-02-27 18:00:00,23.1,82,9.3
2026-02-27 19:00:00,22.9,84,8.3
2026-02-27 20:00:00,22.7,85,8.6
2026-02-27 21:00:00,22.5,85,9.1
2026-02-27 22:00:00,22.3,86,8.3
2026-02-27 23:00:00,22.0,89,8.0
2026-02-28 00:00:00,21.8,88,8.8
2026-02-28 01:00:00,21.8,89,9.5
2026-02-28 02:00:00,21.6,90,9.8
2026-02-28 03:00:00,22.3,86,9.3
2026-02-28 04:00:00,24.3,76,10.0
2026-02-28 05:00:00,26.0,63,11.0
2026-02-28 06:00:00,27.3,54,11.7
2026-02-28 07:00:00,28.0,52,12.6
2026-02-28 08:00:00,28.3,51,14.2
2026-02-28 09:00:00,28.2,50,15.0
2026-02-28 10:00:00,28.1,49,14.4
2026-02-28 11:00:00,27.7,47,13.2
2026-02-28 12:00:00,26.6,55,12.5
2026-02-28 13:00:00,25.1,68,11.9
2026-02-28 14:00:00,23.8,81,10.8
2026-02-28 15:00:00,23.2,85,10.3
2026-02-28 16:00:00,23.0,87,10.4
2026-02-28 17:00:00,22.5,89,10.3
2026-02-28 18:00:00,22.3,90,8.7
2026-02-28 19:00:00,22.1,91,6.6
2026-02-28 20:00:00,21.9,91,6.2
2026-02-28 21:00:00,21.5,93,6.5
2026-02-28 22:00:00,21.2,94,6.9
2026-02-28 23:00:00,21.1,94,6.6
2026-03-01 00:00:00,21.2,94,6.9
2026-03-01 01:00:00,21.0,95,5.6
2026-03-01 02:00:00,20.8,96,5.5
2026-03-01 03:00:00,20.9,93,4.5
2026-03-01 04:00:00,22.5,82,5.1
2026-03-01 05:00:00,24.4,68,5.6
2026-03-01 06:00:00,26.2,60,6.4
2026-03-01 07:00:00,27.2,56,10.4
2026-03-01 08:00:00,27.2,58,13.1
2026-03-01 09:00:00,27.2,56,13.4
2026-03-01 10:00:00,27.0,56,13.2
2026-03-01 11:00:00,26.5,57,12.6
2026-03-01 12:00:00,25.6,61,11.8
2026-03-01 13:00:00,24.5,69,10.5
2026-03-01 14:00:00,23.4,77,8.8
2026-03-01 15:00:00,22.9,81,7.9
2026-03-01 16:00:00,22.6,83,7.3
2026-03-01 17:00:00,22.2,85,6.2
2026-03-01 18:00:00,22.0,87,5.7
2026-03-01 19:00:00,21.8,88,5.1
2026-03-01 20:00:00,21.3,90,4.7
2026-03-01 21:00:00,20.8,93,4.6
2026-03-01 22:00:00,20.5,96,4.8
2026-03-01 23:00:00,20.3,96,5.5
