aqi,pm25,pm10,temp,humidity,wind,timestamp,hour,day,month,aqi_change,future_aqi
118,118,65,41.10666666666666,14.126666666666669,0.1366666666666667,2026-05-19 16:49:18,16,19,5,0.0,118.0
118,118,65,41.10666666666666,14.126666666666669,0.1366666666666667,2026-05-19 16:51:37,16,19,5,0.0,118.0
118,118,65,41.10666666666666,14.126666666666669,0.1366666666666667,2026-05-19 16:52:11,16,19,5,0.0,118.0
118,118,65,41.10666666666666,14.126666666666669,0.1366666666666667,2026-05-19 16:53:12,16,19,5,0.0,118.0
118,118,65,41.10666666666666,14.126666666666669,0.1366666666666667,2026-05-19 16:54:13,16,19,5,0.0,118.0
118,118,65,41.10666666666666,14.126666666666669,0.1366666666666667,2026-05-19 16:55:14,16,19,5,0.0,118.0
118,118,65,41.10666666666666,14.126666666666669,0.1366666666666667,2026-05-19 16:56:15,16,19,5,0.0,118.0
118,118,65,41.10666666666666,14.126666666666669,0.1366666666666667,2026-05-19 16:57:16,16,19,5,0.0,118.0
118,118,65,41.10666666666666,14.126666666666669,0.1366666666666667,2026-05-19 16:58:07,16,19,5,0.0,118.0
118,118,65,41.10666666666666,14.126666666666669,0.1366666666666667,2026-05-19 16:59:08,16,19,5,0.0,119.0
119,119,65,40.72,13.76,0.12,2026-05-19 17:00:09,17,19,5,1.0,119.0
119,119,65,40.72,13.76,0.12,2026-05-19 17:01:13,17,19,5,0.0,119.0
119,119,65,40.72,13.76,0.12,2026-05-19 17:02:14,17,19,5,0.0,119.0
119,119,65,40.72,13.76,0.12,2026-05-19 17:03:15,17,19,5,0.0,119.0
119,119,65,40.595,13.505,0.105,2026-05-19 17:13:21,17,19,5,0.0,119.0
119,119,65,40.595,13.505,0.105,2026-05-19 17:14:22,17,19,5,0.0,119.0
119,119,65,40.595,13.505,0.105,2026-05-19 17:15:23,17,19,5,0.0,119.0
119,119,65,40.595,13.505,0.105,2026-05-19 17:16:24,17,19,5,0.0,119.0
119,119,65,40.595,13.505,0.105,2026-05-19 17:17:25,17,19,5,0.0,119.0
119,119,65,40.595,13.505,0.105,2026-05-19 17:18:26,17,19,5,0.0,119.0
119,119,65,40.595,13.505,0.105,2026-05-19 17:19:27,17,19,5,0.0,119.0
119,119,65,40.595,13.505,0.105,2026-05-19 17:20:28,17,19,5,0.0,43.0
43,43,25,23.0,39.36,0.91,2026-05-20 11:52:25,11,20,5,-76.0,43.0
43,43,25,23.0,39.36,0.91,2026-05-20 11:53:26,11,20,5,0.0,43.0
43,43,25,23.0,39.36,0.91,2026-05-20 11:54:27,11,20,5,0.0,43.0
43,43,25,23.0,39.36,0.91,2026-05-20 11:55:28,11,20,5,0.0,43.0
43,43,25,23.0,39.36,0.91,2026-05-20 11:56:29,11,20,5,0.0,43.0
43,43,25,23.0,39.36,0.91,2026-05-20 11:57:31,11,20,5,0.0,43.0
43,43,25,23.0,39.36,0.91,2026-05-20 11:58:32,11,20,5,0.0,43.0
43,43,25,23.0,39.36,0.91,2026-05-20 11:59:33,11,20,5,0.0,43.0
43,43,25,23.0,39.36,0.91,2026-05-20 12:00:34,12,20,5,0.0,52.0
52,52,30,26.0,31.18,0.37,2026-05-20 12:10:27,12,20,5,9.0,52.0
52,52,30,26.0,31.18,0.37,2026-05-20 12:10:58,12,20,5,0.0,52.0
52,52,30,26.0,31.18,0.37,2026-05-20 12:11:29,12,20,5,0.0,52.0
52,52,30,26.0,31.18,0.37,2026-05-20 12:12:01,12,20,5,0.0,52.0
52,52,30,26.0,31.18,0.37,2026-05-20 12:12:32,12,20,5,0.0,52.0
52,52,30,26.0,31.18,0.37,2026-05-20 12:13:03,12,20,5,0.0,52.0
52,52,30,26.0,31.18,0.37,2026-05-20 12:13:34,12,20,5,0.0,52.0
52,52,30,26.0,31.18,0.37,2026-05-20 12:14:05,12,20,5,0.0,52.0
52,52,30,26.0,31.18,0.37,2026-05-20 12:14:37,12,20,5,0.0,64.0
64,64,44,27.0,41.83,0.66,2026-05-20 17:56:40,17,20,5,12.0,64.0
64,64,44,27.0,41.83,0.66,2026-05-20 17:57:11,17,20,5,0.0,64.0
64,64,44,27.0,41.83,0.66,2026-05-20 17:57:42,17,20,5,0.0,64.0
64,64,44,27.0,41.83,0.66,2026-05-20 17:58:13,17,20,5,0.0,64.0
64,64,44,27.0,41.83,0.66,2026-05-20 17:58:44,17,20,5,0.0,64.0
64,64,44,27.0,41.83,0.66,2026-05-20 17:59:15,17,20,5,0.0,64.0
64,64,44,27.0,41.83,0.66,2026-05-20 17:59:47,17,20,5,0.0,64.0
64,64,44,27.0,41.83,0.66,2026-05-20 18:00:18,18,20,5,0.0,64.0
64,64,44,27.0,41.83,0.66,2026-05-20 18:00:49,18,20,5,0.0,64.0
64,64,44,27.0,41.83,0.66,2026-05-20 18:01:20,18,20,5,0.0,64.0
64,64,44,27.0,41.83,0.66,2026-05-20 18:01:51,18,20,5,0.0,64.0
64,64,44,27.0,41.83,0.66,2026-05-20 18:02:22,18,20,5,0.0,64.0
64,64,44,27.0,41.83,0.66,2026-05-20 18:02:53,18,20,5,0.0,64.0
64,64,44,27.0,41.83,0.66,2026-05-20 18:03:25,18,20,5,0.0,64.0
64,64,44,27.0,41.83,0.66,2026-05-20 18:03:56,18,20,5,0.0,64.0
64,64,44,27.0,41.83,0.66,2026-05-20 18:04:27,18,20,5,0.0,64.0
64,64,44,27.0,41.83,0.66,2026-05-20 18:04:58,18,20,5,0.0,64.0
64,64,44,27.0,41.83,0.66,2026-05-20 18:05:30,18,20,5,0.0,62.0
62,62,40,26.0,44.51,0.62,2026-05-20 18:06:01,18,20,5,-2.0,62.0
62,62,40,26.0,44.51,0.62,2026-05-20 18:06:32,18,20,5,0.0,64.0
64,64,44,27.0,41.83,0.66,2026-05-20 18:04:02,18,20,5,2.0,64.0
64,64,44,27.0,41.83,0.66,2026-05-20 18:04:33,18,20,5,0.0,64.0
64,64,44,27.0,41.83,0.66,2026-05-20 18:05:05,18,20,5,0.0,64.0
64,64,44,27.0,41.83,0.66,2026-05-20 18:05:36,18,20,5,0.0,62.0
62,62,40,26.0,44.51,0.62,2026-05-20 18:06:07,18,20,5,-2.0,62.0
62,62,40,26.0,44.51,0.62,2026-05-20 18:06:38,18,20,5,0.0,62.0
62,62,40,26.0,44.51,0.62,2026-05-20 18:07:09,18,20,5,0.0,62.0
62,62,40,26.0,44.51,0.62,2026-05-20 18:07:41,18,20,5,0.0,62.0
62,62,40,26.0,44.51,0.62,2026-05-20 18:08:12,18,20,5,0.0,62.0
62,62,40,26.0,44.51,0.62,2026-05-20 18:08:43,18,20,5,0.0,62.0
62,62,40,26.0,44.51,0.62,2026-05-20 18:09:14,18,20,5,0.0,62.0
62,62,40,26.0,44.51,0.62,2026-05-20 18:09:45,18,20,5,0.0,62.0
62,62,40,26.0,44.51,0.62,2026-05-20 18:10:17,18,20,5,0.0,62.0
62,62,40,26.0,44.51,0.62,2026-05-20 18:10:48,18,20,5,0.0,62.0
62,62,40,26.0,44.51,0.62,2026-05-20 18:11:19,18,20,5,0.0,62.0
62,62,40,26.0,44.51,0.62,2026-05-20 18:11:51,18,20,5,0.0,62.0
62,62,40,26.0,44.51,0.62,2026-05-20 18:12:22,18,20,5,0.0,62.0
62,62,40,26.0,44.51,0.62,2026-05-20 18:12:53,18,20,5,0.0,62.0
62,62,40,26.0,44.51,0.62,2026-05-20 18:13:25,18,20,5,0.0,62.0
62,62,40,26.0,44.51,0.62,2026-05-20 18:13:56,18,20,5,0.0,62.0
62,62,40,26.0,44.51,0.62,2026-05-20 18:20:16,18,20,5,0.0,62.0
62,62,40,26.0,44.51,0.62,2026-05-20 18:20:47,18,20,5,0.0,62.0
62,62,40,26.0,44.51,0.62,2026-05-20 18:21:19,18,20,5,0.0,62.0
62,62,40,26.0,44.51,0.62,2026-05-20 18:21:50,18,20,5,0.0,62.0
62,62,40,26.0,44.51,0.62,2026-05-20 18:22:21,18,20,5,0.0,62.0
62,62,40,26.0,44.51,0.62,2026-05-20 18:22:53,18,20,5,0.0,62.0
62,62,40,26.0,44.51,0.62,2026-05-20 18:23:24,18,20,5,0.0,62.0
62,62,40,26.0,44.51,0.62,2026-05-20 18:23:56,18,20,5,0.0,62.0
62,62,40,26.0,44.51,0.62,2026-05-20 18:24:27,18,20,5,0.0,62.0
62,62,40,26.0,44.51,0.62,2026-05-20 18:24:58,18,20,5,0.0,62.0
62,62,40,26.0,44.51,0.62,2026-05-20 18:25:29,18,20,5,0.0,62.0
62,62,40,26.0,44.51,0.62,2026-05-20 18:26:01,18,20,5,0.0,62.0
62,62,40,26.0,44.51,0.62,2026-05-20 18:26:32,18,20,5,0.0,62.0
62,62,40,26.0,44.51,0.62,2026-05-20 18:27:04,18,20,5,0.0,62.0
62,62,40,26.0,46.135,0.445,2026-05-20 18:27:35,18,20,5,0.0,62.0
62,62,40,26.0,46.135,0.445,2026-05-20 18:28:06,18,20,5,0.0,62.0
62,62,40,26.0,46.135,0.445,2026-05-20 18:28:37,18,20,5,0.0,62.0
62,62,40,26.0,46.135,0.445,2026-05-20 18:29:08,18,20,5,0.0,62.0
62,62,40,26.0,46.135,0.445,2026-05-20 18:29:40,18,20,5,0.0,62.0
62,62,40,26.0,46.135,0.445,2026-05-20 18:30:11,18,20,5,0.0,33.0
33,33,19,14.0,101.07666666666668,0.66,2026-05-21 10:43:14,10,21,5,-29.0,33.0
33,33,19,14.0,101.07666666666668,0.66,2026-05-21 10:44:15,10,21,5,0.0,33.0
33,33,19,14.0,101.07666666666668,0.66,2026-05-21 10:45:16,10,21,5,0.0,33.0
33,33,19,14.0,101.07666666666668,0.66,2026-05-21 10:46:17,10,21,5,0.0,33.0
33,33,19,14.0,101.07666666666668,0.66,2026-05-21 10:47:18,10,21,5,0.0,33.0
33,33,19,14.0,101.07666666666668,0.66,2026-05-21 10:48:19,10,21,5,0.0,33.0
33,33,19,14.0,101.07666666666668,0.66,2026-05-21 10:49:20,10,21,5,0.0,33.0
33,33,19,14.0,101.07666666666668,0.66,2026-05-21 10:50:16,10,21,5,0.0,33.0
33,33,19,14.0,101.07666666666668,0.66,2026-05-21 10:51:17,10,21,5,0.0,33.0
33,33,19,14.0,101.07666666666668,0.66,2026-05-21 10:52:18,10,21,5,0.0,33.0
33,33,19,14.0,101.07666666666668,0.66,2026-05-21 10:53:19,10,21,5,0.0,33.0
33,33,19,14.0,101.07666666666668,0.66,2026-05-21 10:54:20,10,21,5,0.0,33.0
33,33,19,14.0,101.07666666666668,0.66,2026-05-21 10:55:21,10,21,5,0.0,33.0
33,33,19,14.0,101.07666666666668,0.66,2026-05-21 10:56:22,10,21,5,0.0,33.0
33,33,19,14.0,101.07666666666668,0.66,2026-05-21 10:57:22,10,21,5,0.0,33.0
33,33,19,14.0,101.07666666666668,0.66,2026-05-21 10:58:23,10,21,5,0.0,33.0
33,33,19,14.0,101.07666666666668,0.66,2026-05-21 10:59:24,10,21,5,0.0,33.0
33,33,19,14.0,101.07666666666668,0.66,2026-05-21 11:00:25,11,21,5,0.0,33.0
33,33,19,14.0,101.07666666666668,0.66,2026-05-21 11:01:26,11,21,5,0.0,33.0
33,33,19,14.0,101.07666666666668,0.66,2026-05-21 11:02:27,11,21,5,0.0,33.0
33,33,19,14.0,101.07666666666668,0.66,2026-05-21 11:03:28,11,21,5,0.0,33.0
33,33,19,14.0,101.07666666666668,0.66,2026-05-21 11:04:28,11,21,5,0.0,33.0
33,33,19,14.0,101.07666666666668,0.66,2026-05-21 11:05:29,11,21,5,0.0,33.0
33,33,19,14.0,101.07666666666668,0.66,2026-05-21 11:06:30,11,21,5,0.0,33.0
33,33,19,14.0,101.07666666666668,0.66,2026-05-21 11:07:31,11,21,5,0.0,33.0
33,33,19,14.0,101.07666666666668,0.66,2026-05-21 11:08:32,11,21,5,0.0,33.0
33,33,19,14.0,101.07666666666668,0.66,2026-05-21 11:09:33,11,21,5,0.0,33.0
33,33,19,14.0,101.07666666666668,0.66,2026-05-21 11:10:33,11,21,5,0.0,33.0
33,33,19,14.0,101.07666666666668,0.66,2026-05-21 11:11:34,11,21,5,0.0,33.0
33,33,19,14.0,101.07666666666668,0.66,2026-05-21 11:12:35,11,21,5,0.0,33.0
33,33,19,14.0,101.07666666666668,0.66,2026-05-21 11:13:36,11,21,5,0.0,33.0
33,33,19,14.0,101.07666666666668,0.66,2026-05-21 11:14:37,11,21,5,0.0,33.0
33,33,19,14.0,101.07666666666668,0.66,2026-05-21 11:15:38,11,21,5,0.0,33.0
33,33,19,14.0,101.07666666666668,0.66,2026-05-21 11:16:39,11,21,5,0.0,33.0
33,33,19,14.0,101.07666666666668,0.66,2026-05-21 11:17:40,11,21,5,0.0,33.0
33,33,19,14.0,101.07666666666668,0.66,2026-05-21 11:18:40,11,21,5,0.0,33.0
33,33,19,14.0,101.07666666666668,0.66,2026-05-21 11:19:41,11,21,5,0.0,33.0
33,33,19,14.0,101.07666666666668,0.66,2026-05-21 11:20:42,11,21,5,0.0,33.0
33,33,19,14.0,101.07666666666668,0.66,2026-05-21 11:21:43,11,21,5,0.0,33.0
33,33,19,14.0,101.07666666666668,0.66,2026-05-21 11:22:44,11,21,5,0.0,33.0
33,33,19,14.0,101.07666666666668,0.66,2026-05-21 11:23:45,11,21,5,0.0,33.0
33,33,19,14.0,101.07666666666668,0.66,2026-05-21 11:24:47,11,21,5,0.0,33.0
33,33,19,14.0,101.07666666666668,0.29,2026-05-21 11:25:48,11,21,5,0.0,33.0
33,33,19,14.0,101.07666666666668,0.29,2026-05-21 11:26:49,11,21,5,0.0,33.0
33,33,19,14.0,101.07666666666668,0.29,2026-05-21 11:27:49,11,21,5,0.0,33.0
33,33,19,14.0,101.07666666666668,0.29,2026-05-21 11:28:51,11,21,5,0.0,33.0
33,33,19,14.0,101.07666666666668,0.29,2026-05-21 11:29:51,11,21,5,0.0,33.0
33,33,19,14.0,101.07666666666668,0.29,2026-05-21 11:30:52,11,21,5,0.0,33.0
33,33,19,14.0,101.07666666666668,0.29,2026-05-21 11:31:54,11,21,5,0.0,33.0
33,33,19,14.0,101.07666666666668,0.29,2026-05-21 11:32:55,11,21,5,0.0,33.0
33,33,19,14.0,101.07666666666668,0.29,2026-05-21 11:33:56,11,21,5,0.0,33.0
33,33,19,14.0,101.07666666666668,0.29,2026-05-21 11:34:58,11,21,5,0.0,32.0
32,32,18,14.0,100.5,0.4299999999999999,2026-05-21 11:35:59,11,21,5,-1.0,32.0
32,32,18,14.0,100.5,0.4299999999999999,2026-05-21 11:37:01,11,21,5,0.0,32.0
32,32,18,14.0,100.5,0.4299999999999999,2026-05-21 11:38:02,11,21,5,0.0,32.0
32,32,18,14.0,100.5,0.4299999999999999,2026-05-21 11:39:03,11,21,5,0.0,32.0
32,32,18,14.0,100.5,0.4299999999999999,2026-05-21 11:40:05,11,21,5,0.0,32.0
32,32,18,14.0,100.5,0.4299999999999999,2026-05-21 11:41:06,11,21,5,0.0,32.0
32,32,18,14.0,100.5,0.4299999999999999,2026-05-21 11:42:07,11,21,5,0.0,32.0
32,32,18,14.0,100.5,0.4299999999999999,2026-05-21 11:43:09,11,21,5,0.0,32.0
32,32,18,14.0,100.5,0.4299999999999999,2026-05-21 11:44:10,11,21,5,0.0,32.0
32,32,18,14.0,100.5,0.4299999999999999,2026-05-21 11:45:11,11,21,5,0.0,32.0
32,32,18,14.0,100.5,0.4299999999999999,2026-05-21 11:46:12,11,21,5,0.0,32.0
32,32,18,14.0,100.5,0.4299999999999999,2026-05-21 11:47:14,11,21,5,0.0,32.0
32,32,18,14.0,100.5,0.4299999999999999,2026-05-21 11:48:15,11,21,5,0.0,32.0
32,32,18,14.0,100.5,0.4299999999999999,2026-05-21 11:49:16,11,21,5,0.0,33.0
33,33,19,14.0,100.505,0.5499999999999999,2026-05-21 11:50:17,11,21,5,1.0,33.0
33,33,19,14.0,100.505,0.5499999999999999,2026-05-21 11:51:18,11,21,5,0.0,33.0
33,33,19,14.0,100.505,0.5499999999999999,2026-05-21 11:52:19,11,21,5,0.0,33.0
33,33,19,14.0,100.505,0.5499999999999999,2026-05-21 11:53:20,11,21,5,0.0,33.0
33,33,19,14.0,100.505,0.5499999999999999,2026-05-21 11:54:21,11,21,5,0.0,33.0
33,33,19,14.0,100.505,0.5499999999999999,2026-05-21 11:55:23,11,21,5,0.0,33.0
33,33,19,14.0,100.505,0.5499999999999999,2026-05-21 11:56:24,11,21,5,0.0,33.0
33,33,19,14.0,100.505,0.5499999999999999,2026-05-21 11:57:25,11,21,5,0.0,33.0
33,33,19,14.0,100.505,0.5499999999999999,2026-05-21 11:58:26,11,21,5,0.0,33.0
33,33,19,14.0,100.505,0.5499999999999999,2026-05-21 11:59:27,11,21,5,0.0,33.0
33,33,19,14.0,100.505,0.5499999999999999,2026-05-21 12:00:29,12,21,5,0.0,33.0
33,33,19,14.0,100.505,0.5499999999999999,2026-05-21 12:01:29,12,21,5,0.0,33.0
33,33,19,14.0,100.505,0.5499999999999999,2026-05-21 12:02:31,12,21,5,0.0,33.0
33,33,19,14.0,100.505,0.5499999999999999,2026-05-21 12:03:32,12,21,5,0.0,33.0
33,33,19,14.0,100.505,0.5499999999999999,2026-05-21 12:04:33,12,21,5,0.0,33.0
33,33,19,14.0,100.505,0.5499999999999999,2026-05-21 12:05:35,12,21,5,0.0,33.0
33,33,19,14.0,100.505,0.5499999999999999,2026-05-21 12:06:36,12,21,5,0.0,33.0
33,33,19,14.0,100.505,0.5499999999999999,2026-05-21 12:07:37,12,21,5,0.0,33.0
33,33,19,14.0,100.505,0.5499999999999999,2026-05-21 12:08:38,12,21,5,0.0,33.0
33,33,19,14.0,100.505,0.5499999999999999,2026-05-21 12:09:40,12,21,5,0.0,33.0
33,33,19,14.0,100.505,0.5499999999999999,2026-05-21 12:10:41,12,21,5,0.0,33.0
33,33,19,14.0,100.505,0.5499999999999999,2026-05-21 12:11:42,12,21,5,0.0,33.0
33,33,19,14.0,100.505,0.5499999999999999,2026-05-21 12:12:44,12,21,5,0.0,38.0
38,38,22,14.0,100.51,0.42,2026-05-21 12:13:45,12,21,5,5.0,38.0
38,38,22,14.0,100.51,0.42,2026-05-21 12:14:46,12,21,5,0.0,38.0
38,38,22,14.0,100.51,0.42,2026-05-21 12:15:47,12,21,5,0.0,38.0
38,38,22,14.0,100.51,0.42,2026-05-21 12:16:48,12,21,5,0.0,38.0
38,38,22,14.0,100.51,0.42,2026-05-21 12:17:49,12,21,5,0.0,38.0
38,38,22,14.0,100.51,0.42,2026-05-21 12:18:50,12,21,5,0.0,38.0
38,38,22,14.0,100.51,0.42,2026-05-21 12:19:52,12,21,5,0.0,38.0
38,38,22,14.0,100.51,0.42,2026-05-21 12:20:53,12,21,5,0.0,38.0
38,38,22,14.0,100.51,0.42,2026-05-21 12:21:54,12,21,5,0.0,38.0
38,38,22,14.0,100.51,0.42,2026-05-21 12:22:55,12,21,5,0.0,38.0
38,38,22,14.0,100.51,0.42,2026-05-21 12:23:57,12,21,5,0.0,38.0
38,38,22,14.0,100.51,0.42,2026-05-21 12:24:58,12,21,5,0.0,38.0
38,38,22,14.0,100.51,0.42,2026-05-21 12:25:59,12,21,5,0.0,38.0
38,38,22,14.0,100.51,0.42,2026-05-21 12:27:00,12,21,5,0.0,38.0
38,38,22,14.0,100.51,0.42,2026-05-21 12:28:01,12,21,5,0.0,38.0
38,38,22,14.0,100.51,0.42,2026-05-21 12:29:02,12,21,5,0.0,38.0
38,38,22,14.0,100.51,0.42,2026-05-21 12:30:03,12,21,5,0.0,38.0
38,38,22,14.0,100.51,0.42,2026-05-21 12:31:04,12,21,5,0.0,38.0
38,38,22,14.0,100.51,0.42,2026-05-21 12:32:06,12,21,5,0.0,38.0
38,38,22,14.0,100.51,0.42,2026-05-21 12:33:07,12,21,5,0.0,38.0
38,38,22,14.0,100.51,0.42,2026-05-21 12:34:08,12,21,5,0.0,38.0
38,38,22,14.0,100.51,0.42,2026-05-21 12:35:10,12,21,5,0.0,52.0
52,52,31,14.0,99.17,0.35,2026-05-21 12:36:11,12,21,5,14.0,52.0
52,52,31,14.0,99.17,0.35,2026-05-21 12:37:12,12,21,5,0.0,52.0
52,52,31,14.0,99.17,0.35,2026-05-21 12:38:13,12,21,5,0.0,52.0
52,52,31,14.0,99.17,0.35,2026-05-21 12:39:14,12,21,5,0.0,52.0
52,52,31,14.0,99.17,0.35,2026-05-21 12:40:16,12,21,5,0.0,52.0
52,52,31,14.0,99.17,0.35,2026-05-21 12:41:17,12,21,5,0.0,52.0
52,52,31,14.0,99.17,0.35,2026-05-21 12:42:18,12,21,5,0.0,52.0
52,52,31,14.0,99.17,0.35,2026-05-21 12:43:19,12,21,5,0.0,52.0
52,52,31,14.0,99.17,0.35,2026-05-21 12:44:20,12,21,5,0.0,52.0
52,52,31,14.0,99.17,0.35,2026-05-21 12:45:21,12,21,5,0.0,52.0
52,52,31,14.0,99.17,0.35,2026-05-21 12:46:22,12,21,5,0.0,52.0
52,52,31,14.0,99.17,0.35,2026-05-21 12:47:23,12,21,5,0.0,52.0
52,52,31,14.0,99.17,0.35,2026-05-21 12:48:25,12,21,5,0.0,52.0
52,52,31,14.0,99.17,0.35,2026-05-21 12:49:26,12,21,5,0.0,52.0
52,52,31,14.0,99.17,0.35,2026-05-21 12:50:27,12,21,5,0.0,52.0
52,52,31,14.0,99.17,0.35,2026-05-21 12:51:28,12,21,5,0.0,52.0
52,52,31,14.0,99.17,0.35,2026-05-21 12:52:29,12,21,5,0.0,52.0
52,52,31,14.0,99.17,0.35,2026-05-21 12:53:30,12,21,5,0.0,52.0
52,52,31,14.0,99.17,0.35,2026-05-21 12:54:32,12,21,5,0.0,52.0
52,52,31,14.0,99.17,0.35,2026-05-21 12:55:33,12,21,5,0.0,52.0
52,52,31,14.0,99.17,0.35,2026-05-21 12:56:34,12,21,5,0.0,52.0
52,52,31,14.0,99.17,0.35,2026-05-21 12:57:36,12,21,5,0.0,52.0
52,52,31,14.0,99.17,0.35,2026-05-21 12:58:37,12,21,5,0.0,52.0
52,52,31,14.0,96.68,0.3233333333333333,2026-05-21 12:59:38,12,21,5,0.0,52.0
52,52,31,14.0,96.68,0.3233333333333333,2026-05-21 13:00:39,13,21,5,0.0,52.0
52,52,31,14.0,96.68,0.3233333333333333,2026-05-21 13:01:41,13,21,5,0.0,52.0
52,52,31,14.0,96.68,0.3233333333333333,2026-05-21 13:02:42,13,21,5,0.0,52.0
52,52,31,14.0,96.68,0.3233333333333333,2026-05-21 13:03:43,13,21,5,0.0,52.0
52,52,31,14.0,96.68,0.3233333333333333,2026-05-21 13:04:44,13,21,5,0.0,52.0
52,52,31,14.0,96.68,0.3233333333333333,2026-05-21 13:05:45,13,21,5,0.0,52.0
52,52,31,14.0,96.68,0.3233333333333333,2026-05-21 13:06:46,13,21,5,0.0,52.0
52,52,31,14.0,96.68,0.3233333333333333,2026-05-21 13:07:47,13,21,5,0.0,52.0
52,52,31,14.0,96.68,0.3233333333333333,2026-05-21 13:08:49,13,21,5,0.0,52.0
52,52,31,14.0,96.68,0.3233333333333333,2026-05-21 13:09:50,13,21,5,0.0,52.0
52,52,31,14.0,96.68,0.3233333333333333,2026-05-21 13:10:51,13,21,5,0.0,53.0
53,53,32,14.0,80.68,0.15,2026-05-21 13:11:52,13,21,5,1.0,53.0
53,53,32,14.0,80.68,0.15,2026-05-21 13:12:54,13,21,5,0.0,53.0
53,53,32,14.0,80.68,0.15,2026-05-21 13:13:55,13,21,5,0.0,53.0
53,53,32,14.0,80.68,0.15,2026-05-21 13:14:56,13,21,5,0.0,53.0
53,53,32,14.0,80.68,0.15,2026-05-21 13:15:57,13,21,5,0.0,53.0
53,53,32,14.0,80.68,0.15,2026-05-21 13:16:58,13,21,5,0.0,53.0
53,53,32,14.0,80.68,0.15,2026-05-21 13:17:59,13,21,5,0.0,53.0
53,53,32,14.0,80.68,0.15,2026-05-21 13:19:00,13,21,5,0.0,53.0
53,53,32,14.0,80.68,0.15,2026-05-21 13:20:01,13,21,5,0.0,53.0
53,53,32,14.0,80.68,0.15,2026-05-21 13:21:03,13,21,5,0.0,53.0
53,53,32,14.0,80.68,0.15,2026-05-21 13:22:04,13,21,5,0.0,53.0
53,53,32,14.0,74.575,0.1699999999999999,2026-05-21 13:23:05,13,21,5,0.0,53.0
53,53,32,14.0,74.575,0.1699999999999999,2026-05-21 13:24:06,13,21,5,0.0,53.0
53,53,32,14.0,74.575,0.1699999999999999,2026-05-21 13:25:08,13,21,5,0.0,53.0
53,53,32,14.0,74.575,0.1699999999999999,2026-05-21 13:26:09,13,21,5,0.0,53.0
53,53,32,14.0,74.575,0.1699999999999999,2026-05-21 13:27:10,13,21,5,0.0,53.0
53,53,32,14.0,74.575,0.1699999999999999,2026-05-21 13:28:11,13,21,5,0.0,53.0
53,53,32,14.0,74.575,0.1699999999999999,2026-05-21 13:29:13,13,21,5,0.0,53.0
53,53,32,14.0,74.575,0.1699999999999999,2026-05-21 13:30:14,13,21,5,0.0,53.0
53,53,32,14.0,74.575,0.1699999999999999,2026-05-21 13:31:15,13,21,5,0.0,53.0
53,53,32,14.0,74.575,0.1699999999999999,2026-05-21 13:32:16,13,21,5,0.0,53.0
53,53,32,14.0,74.575,0.1699999999999999,2026-05-21 13:33:18,13,21,5,0.0,53.0
53,53,32,14.0,74.575,0.1699999999999999,2026-05-21 13:34:19,13,21,5,0.0,53.0
53,53,32,14.0,74.575,0.1699999999999999,2026-05-21 13:35:20,13,21,5,0.0,53.0
53,53,32,14.0,74.575,0.1699999999999999,2026-05-21 13:36:21,13,21,5,0.0,53.0
53,53,32,14.0,74.575,0.1699999999999999,2026-05-21 13:37:22,13,21,5,0.0,53.0
53,53,32,14.0,74.575,0.1699999999999999,2026-05-21 13:38:24,13,21,5,0.0,53.0
53,53,32,14.0,74.575,0.1699999999999999,2026-05-21 13:39:25,13,21,5,0.0,53.0
53,53,32,14.0,74.575,0.1699999999999999,2026-05-21 13:40:26,13,21,5,0.0,53.0
53,53,32,14.0,74.575,0.1699999999999999,2026-05-21 13:41:28,13,21,5,0.0,53.0
53,53,32,14.0,74.575,0.1699999999999999,2026-05-21 13:42:29,13,21,5,0.0,53.0
53,53,32,14.0,74.575,0.1699999999999999,2026-05-21 13:43:30,13,21,5,0.0,54.0
54,54,33,14.0,70.84333333333333,0.34,2026-05-21 13:44:32,13,21,5,1.0,54.0
54,54,33,14.0,70.84333333333333,0.34,2026-05-21 13:45:33,13,21,5,0.0,54.0
54,54,33,14.0,70.84333333333333,0.34,2026-05-21 13:46:34,13,21,5,0.0,54.0
54,54,33,14.0,70.84333333333333,0.34,2026-05-21 13:47:35,13,21,5,0.0,54.0
54,54,33,14.0,70.84333333333333,0.34,2026-05-21 13:48:37,13,21,5,0.0,54.0
54,54,33,14.0,70.84333333333333,0.34,2026-05-21 13:49:38,13,21,5,0.0,54.0
54,54,33,14.0,70.84333333333333,0.34,2026-05-21 13:50:39,13,21,5,0.0,54.0
54,54,33,14.0,70.84333333333333,0.34,2026-05-21 13:51:41,13,21,5,0.0,54.0
54,54,33,14.0,70.84333333333333,0.34,2026-05-21 13:52:42,13,21,5,0.0,54.0
54,54,33,14.0,70.84333333333333,0.34,2026-05-21 13:53:43,13,21,5,0.0,54.0
54,54,33,14.0,70.84333333333333,0.34,2026-05-21 13:54:45,13,21,5,0.0,54.0
54,54,33,14.0,70.84333333333333,0.34,2026-05-21 13:55:46,13,21,5,0.0,54.0
54,54,33,14.0,70.84333333333333,0.34,2026-05-21 13:56:48,13,21,5,0.0,54.0
54,54,33,14.0,70.84333333333333,0.34,2026-05-21 13:57:49,13,21,5,0.0,54.0
54,54,33,14.0,70.84333333333333,0.34,2026-05-21 13:58:50,13,21,5,0.0,54.0
54,54,33,14.0,70.84333333333333,0.34,2026-05-21 13:59:52,13,21,5,0.0,54.0
54,54,33,14.0,70.84333333333333,0.34,2026-05-21 14:00:53,14,21,5,0.0,54.0
54,54,33,14.0,70.84333333333333,0.34,2026-05-21 14:01:55,14,21,5,0.0,54.0
54,54,33,14.0,70.84333333333333,0.34,2026-05-21 14:02:56,14,21,5,0.0,54.0
54,54,33,14.0,70.84333333333333,0.34,2026-05-21 14:03:58,14,21,5,0.0,54.0
54,54,33,14.0,70.84333333333333,0.34,2026-05-21 14:04:59,14,21,5,0.0,54.0
54,54,33,14.0,70.84333333333333,0.34,2026-05-21 14:06:01,14,21,5,0.0,54.0
54,54,33,14.0,70.84333333333333,0.34,2026-05-21 14:07:02,14,21,5,0.0,54.0
54,54,33,14.0,70.84333333333333,0.34,2026-05-21 14:08:04,14,21,5,0.0,54.0
54,54,33,14.0,70.84333333333333,0.34,2026-05-21 14:09:05,14,21,5,0.0,54.0
54,54,33,14.0,70.84333333333333,0.34,2026-05-21 14:10:06,14,21,5,0.0,54.0
54,54,33,14.0,70.84333333333333,0.34,2026-05-21 14:11:08,14,21,5,0.0,54.0
54,54,33,14.0,70.84333333333333,0.34,2026-05-21 14:12:09,14,21,5,0.0,54.0
54,54,33,14.0,70.84333333333333,0.34,2026-05-21 14:13:10,14,21,5,0.0,54.0
54,54,33,14.0,70.84333333333333,0.34,2026-05-21 14:14:11,14,21,5,0.0,54.0
54,54,33,14.0,70.84333333333333,0.34,2026-05-21 14:15:12,14,21,5,0.0,54.0
54,54,33,14.0,70.84333333333333,0.34,2026-05-21 14:16:13,14,21,5,0.0,54.0
54,54,33,14.0,70.84333333333333,0.34,2026-05-21 14:17:14,14,21,5,0.0,54.0
54,54,33,14.0,70.84333333333333,0.34,2026-05-21 14:18:15,14,21,5,0.0,54.0
54,54,33,14.0,70.84333333333333,0.34,2026-05-21 14:19:16,14,21,5,0.0,54.0
54,54,33,14.0,70.84333333333333,0.34,2026-05-21 14:20:17,14,21,5,0.0,54.0
54,54,33,14.0,70.84333333333333,0.34,2026-05-21 14:21:18,14,21,5,0.0,54.0
54,54,33,14.0,70.84333333333333,0.34,2026-05-21 14:22:19,14,21,5,0.0,54.0
54,54,33,14.0,70.84333333333333,0.34,2026-05-21 14:23:20,14,21,5,0.0,54.0
54,54,33,14.0,70.84333333333333,0.34,2026-05-21 14:24:21,14,21,5,0.0,54.0
54,54,33,14.0,70.84333333333333,0.34,2026-05-21 14:25:22,14,21,5,0.0,54.0
54,54,33,14.0,70.84333333333333,0.34,2026-05-21 14:26:23,14,21,5,0.0,54.0
54,54,33,14.0,70.84333333333333,0.34,2026-05-21 14:27:24,14,21,5,0.0,54.0
54,54,33,14.0,70.84333333333333,0.48,2026-05-21 14:28:25,14,21,5,0.0,54.0
54,54,33,14.0,70.84333333333333,0.48,2026-05-21 14:29:26,14,21,5,0.0,54.0
54,54,33,14.0,70.84333333333333,0.48,2026-05-21 14:30:27,14,21,5,0.0,54.0
54,54,33,14.0,70.84333333333333,0.48,2026-05-21 14:31:28,14,21,5,0.0,54.0
54,54,33,14.0,70.84333333333333,0.48,2026-05-21 14:32:30,14,21,5,0.0,54.0
54,54,33,14.0,70.84333333333333,0.48,2026-05-21 14:33:31,14,21,5,0.0,54.0
54,54,33,14.0,70.84333333333333,0.48,2026-05-21 14:34:32,14,21,5,0.0,54.0
54,54,33,14.0,70.84333333333333,0.48,2026-05-21 14:35:33,14,21,5,0.0,54.0
54,54,33,14.0,70.84333333333333,0.48,2026-05-21 14:36:34,14,21,5,0.0,54.0
54,54,33,14.0,70.84333333333333,0.48,2026-05-21 14:37:35,14,21,5,0.0,54.0
54,54,33,14.0,70.84333333333333,0.48,2026-05-21 14:38:36,14,21,5,0.0,54.0
54,54,33,14.0,70.84333333333333,0.48,2026-05-21 14:39:37,14,21,5,0.0,56.0
56,56,36,14.0,55.91,0.325,2026-05-21 14:40:38,14,21,5,2.0,56.0
56,56,36,14.0,55.91,0.325,2026-05-21 14:41:39,14,21,5,0.0,56.0
56,56,36,14.0,55.91,0.325,2026-05-21 14:42:40,14,21,5,0.0,56.0
56,56,36,14.0,55.91,0.325,2026-05-21 14:43:41,14,21,5,0.0,56.0
56,56,36,14.0,55.91,0.325,2026-05-21 14:44:42,14,21,5,0.0,56.0
56,56,36,14.0,55.91,0.325,2026-05-21 14:45:43,14,21,5,0.0,56.0
56,56,36,14.0,55.91,0.325,2026-05-21 14:46:44,14,21,5,0.0,56.0
56,56,36,14.0,55.91,0.325,2026-05-21 14:47:45,14,21,5,0.0,56.0
56,56,36,14.0,55.91,0.325,2026-05-21 14:48:46,14,21,5,0.0,56.0
56,56,36,14.0,55.91,0.325,2026-05-21 14:49:47,14,21,5,0.0,56.0
56,56,36,14.0,55.91,0.325,2026-05-21 14:50:48,14,21,5,0.0,56.0
56,56,36,14.0,55.91,0.325,2026-05-21 14:51:49,14,21,5,0.0,56.0
56,56,36,14.0,55.91,0.325,2026-05-21 14:52:50,14,21,5,0.0,56.0
56,56,36,14.0,55.91,0.325,2026-05-21 14:53:51,14,21,5,0.0,56.0
56,56,36,14.0,55.91,0.325,2026-05-21 14:54:53,14,21,5,0.0,56.0
56,56,36,14.0,55.91,0.325,2026-05-21 14:55:54,14,21,5,0.0,56.0
56,56,36,14.0,55.91,0.325,2026-05-21 14:56:55,14,21,5,0.0,56.0
56,56,36,14.0,55.91,0.325,2026-05-21 14:57:56,14,21,5,0.0,56.0
56,56,36,14.0,55.91,0.325,2026-05-21 14:58:57,14,21,5,0.0,56.0
56,56,36,14.0,55.91,0.325,2026-05-21 14:59:58,14,21,5,0.0,56.0
56,56,35,22.0,56.975,0.26,2026-05-21 15:00:59,15,21,5,0.0,56.0
56,56,35,22.0,56.975,0.26,2026-05-21 15:02:00,15,21,5,0.0,56.0
56,56,35,22.0,56.975,0.26,2026-05-21 15:03:01,15,21,5,0.0,56.0
56,56,35,22.0,56.975,0.26,2026-05-21 15:04:02,15,21,5,0.0,56.0
56,56,35,22.0,56.975,0.26,2026-05-21 15:05:03,15,21,5,0.0,56.0
56,56,35,22.0,56.975,0.26,2026-05-21 15:06:04,15,21,5,0.0,56.0
56,56,35,22.0,56.975,0.26,2026-05-21 15:07:05,15,21,5,0.0,56.0
56,56,35,22.0,56.975,0.26,2026-05-21 15:08:06,15,21,5,0.0,56.0
56,56,35,22.0,56.975,0.26,2026-05-21 15:09:07,15,21,5,0.0,56.0
56,56,35,22.0,56.975,0.26,2026-05-21 15:10:08,15,21,5,0.0,56.0
56,56,35,22.0,56.975,0.26,2026-05-21 15:11:09,15,21,5,0.0,56.0
56,56,35,22.0,56.975,0.26,2026-05-21 15:12:10,15,21,5,0.0,56.0
56,56,35,22.0,56.975,0.26,2026-05-21 15:13:10,15,21,5,0.0,56.0
56,56,35,22.0,56.975,0.26,2026-05-21 15:14:11,15,21,5,0.0,56.0
56,56,35,22.0,56.975,0.26,2026-05-21 15:15:12,15,21,5,0.0,56.0
56,56,35,22.0,56.975,0.26,2026-05-21 15:16:13,15,21,5,0.0,56.0
56,56,35,22.0,56.975,0.26,2026-05-21 15:17:14,15,21,5,0.0,56.0
56,56,35,22.0,56.975,0.26,2026-05-21 15:18:15,15,21,5,0.0,56.0
56,56,35,22.0,56.975,0.26,2026-05-21 15:19:16,15,21,5,0.0,56.0
56,56,35,22.0,56.975,0.26,2026-05-21 15:20:17,15,21,5,0.0,56.0
56,56,35,22.0,56.975,0.26,2026-05-21 15:21:18,15,21,5,0.0,56.0
56,56,35,22.0,56.975,0.26,2026-05-21 15:22:19,15,21,5,0.0,56.0
56,56,35,22.0,56.975,0.26,2026-05-21 15:23:20,15,21,5,0.0,56.0
56,56,35,22.0,56.975,0.26,2026-05-21 15:24:21,15,21,5,0.0,56.0
56,56,35,22.0,56.975,0.26,2026-05-21 15:25:22,15,21,5,0.0,56.0
56,56,35,22.0,56.975,0.26,2026-05-21 15:26:23,15,21,5,0.0,56.0
56,56,35,22.0,56.25,0.18,2026-05-21 15:27:24,15,21,5,0.0,56.0
56,56,35,22.0,56.25,0.18,2026-05-21 15:28:25,15,21,5,0.0,56.0
56,56,35,22.0,56.25,0.18,2026-05-21 15:29:25,15,21,5,0.0,56.0
56,56,35,22.0,56.25,0.18,2026-05-21 15:30:26,15,21,5,0.0,56.0
56,56,35,22.0,56.25,0.18,2026-05-21 15:31:27,15,21,5,0.0,56.0
56,56,35,22.0,56.25,0.18,2026-05-21 15:32:28,15,21,5,0.0,56.0
56,56,35,22.0,56.25,0.18,2026-05-21 15:33:29,15,21,5,0.0,56.0
56,56,35,22.0,56.25,0.18,2026-05-21 15:34:30,15,21,5,0.0,56.0
56,56,35,22.0,56.25,0.18,2026-05-21 15:35:31,15,21,5,0.0,56.0
56,56,35,22.0,56.25,0.18,2026-05-21 15:36:32,15,21,5,0.0,56.0
56,56,35,22.0,56.25,0.18,2026-05-21 15:37:33,15,21,5,0.0,56.0
56,56,35,22.0,56.25,0.18,2026-05-21 15:38:34,15,21,5,0.0,56.0
56,56,35,22.0,56.25,0.18,2026-05-21 15:39:35,15,21,5,0.0,56.0
56,56,35,22.0,56.25,0.18,2026-05-21 15:40:36,15,21,5,0.0,56.0
56,56,35,22.0,56.25,0.18,2026-05-21 15:41:37,15,21,5,0.0,56.0
56,56,35,22.0,56.25,0.18,2026-05-21 15:42:38,15,21,5,0.0,51.0
51,51,30,22.0,55.14,0.3299999999999999,2026-05-21 15:43:38,15,21,5,-5.0,51.0
51,51,30,22.0,55.14,0.3299999999999999,2026-05-21 15:44:39,15,21,5,0.0,51.0
51,51,30,22.0,55.14,0.3299999999999999,2026-05-21 15:45:40,15,21,5,0.0,51.0
51,51,30,22.0,55.14,0.3299999999999999,2026-05-21 15:46:41,15,21,5,0.0,51.0
51,51,30,22.0,55.14,0.3299999999999999,2026-05-21 15:47:42,15,21,5,0.0,51.0
51,51,30,22.0,55.14,0.3299999999999999,2026-05-21 15:48:43,15,21,5,0.0,51.0
51,51,30,22.0,55.14,0.3299999999999999,2026-05-21 15:49:44,15,21,5,0.0,51.0
51,51,30,22.0,55.14,0.3299999999999999,2026-05-21 15:50:45,15,21,5,0.0,51.0
51,51,30,22.0,55.14,0.3299999999999999,2026-05-21 15:51:46,15,21,5,0.0,51.0
51,51,30,22.0,55.14,0.3299999999999999,2026-05-21 15:52:47,15,21,5,0.0,51.0
51,51,30,22.0,55.14,0.3299999999999999,2026-05-21 15:53:48,15,21,5,0.0,51.0
51,51,30,22.0,55.14,0.3299999999999999,2026-05-21 15:54:49,15,21,5,0.0,51.0
51,51,30,22.0,55.14,0.3299999999999999,2026-05-21 15:55:50,15,21,5,0.0,51.0
51,51,30,22.0,55.14,0.3299999999999999,2026-05-21 15:56:51,15,21,5,0.0,51.0
51,51,30,22.0,55.14,0.3299999999999999,2026-05-21 15:57:51,15,21,5,0.0,52.0
52,52,31,22.0,55.17666666666667,0.4333333333333333,2026-05-21 15:58:52,15,21,5,1.0,52.0
52,52,31,22.0,55.17666666666667,0.4333333333333333,2026-05-21 15:59:53,15,21,5,0.0,52.0
52,52,31,22.0,55.17666666666667,0.4333333333333333,2026-05-21 16:00:54,16,21,5,0.0,52.0
52,52,31,22.0,55.17666666666667,0.4333333333333333,2026-05-21 16:01:55,16,21,5,0.0,52.0
52,52,31,22.0,55.17666666666667,0.4333333333333333,2026-05-21 16:02:56,16,21,5,0.0,52.0
52,52,31,22.0,55.17666666666667,0.4333333333333333,2026-05-21 16:03:57,16,21,5,0.0,52.0
52,52,31,22.0,55.17666666666667,0.4333333333333333,2026-05-21 16:04:58,16,21,5,0.0,52.0
52,52,31,22.0,55.17666666666667,0.4333333333333333,2026-05-21 16:05:59,16,21,5,0.0,52.0
52,52,31,22.0,55.17666666666667,0.4333333333333333,2026-05-21 16:07:00,16,21,5,0.0,52.0
52,52,31,22.0,55.17666666666667,0.4333333333333333,2026-05-21 16:08:00,16,21,5,0.0,52.0
52,52,31,22.0,55.17666666666667,0.4333333333333333,2026-05-21 16:09:01,16,21,5,0.0,52.0
52,52,31,22.0,55.17666666666667,0.4333333333333333,2026-05-21 16:10:02,16,21,5,0.0,52.0
52,52,31,22.0,55.17666666666667,0.4333333333333333,2026-05-21 16:11:03,16,21,5,0.0,54.0
54,54,33,22.0,53.86,1.15,2026-05-21 16:12:04,16,21,5,2.0,54.0
54,54,33,22.0,53.86,1.15,2026-05-21 16:13:05,16,21,5,0.0,54.0
54,54,33,22.0,53.86,1.15,2026-05-21 16:14:06,16,21,5,0.0,54.0
54,54,33,22.0,53.86,1.15,2026-05-21 16:15:07,16,21,5,0.0,54.0
54,54,33,22.0,53.86,1.15,2026-05-21 16:16:08,16,21,5,0.0,54.0
54,54,33,22.0,53.86,1.15,2026-05-21 16:17:09,16,21,5,0.0,54.0
54,54,33,22.0,53.86,1.15,2026-05-21 16:18:10,16,21,5,0.0,54.0
